CREATE TABLE dbo.tournament(tournament_id INTEGER PRIMARY KEY,
    Name VARCHAR(30) NOT NULL,
    City NVARCHAR(8) NOT NULL,
    Country NVARCHAR(7) NOT NULL,
    Game VARCHAR(16) NOT NULL,
    start_date DATE NULL,
    end_date DATE NULL)
INSERT INTO dbo.tournament (tournament_id,name,city,country,game,start_date,end_date) VALUES(1,'Starladder Budapest Major 2025','Budapest','Hungary','Counter Strike 2','2025-11-24','2025-12-14')
CREATE TABLE dbo.stage (
    stage_id INTEGER PRIMARY KEY,
    tournament_id INTEGER NOT NULL,
    stage_name VARCHAR(13) NOT NULL,
    stage_order INTEGER NOT NULL,
    start_date DATE NULL, 
    end_date DATE NULL,
 CONSTRAINT FK_stage_tournament
        FOREIGN KEY (tournament_id) REFERENCES dbo.tournament(tournament_id),
    CONSTRAINT UQ_stage_tournament_name
        UNIQUE (tournament_id, stage_name),
    CONSTRAINT UQ_stage_tournament_order
        UNIQUE (tournament_id, stage_order));
INSERT INTO dbo.stage (stage_id,tournament_id,stage_name,stage_order,start_date,end_date) VALUES(11,1,'Stage 1',1,'2025-11-24','2025-11-27')
INSERT INTO dbo.stage (stage_id,tournament_id,stage_name,stage_order,start_date,end_date) VALUES(12,1,'Stage 2',2,'2025-11-29','2025-12-02')
INSERT INTO dbo.stage (stage_id,tournament_id,stage_name,stage_order,start_date,end_date) VALUES(13,1,'Stage 3',3,'2025-12-04','2025-12-07')
INSERT INTO dbo.stage (stage_id,tournament_id,stage_name,stage_order,start_date,end_date) VALUES(14,1,'QuarterFinals',4,'2025-12-11','2025-12-12')
INSERT INTO dbo.stage (stage_id,tournament_id,stage_name,stage_order,start_date,end_date) VALUES(15,1,'SemiFinals',5,'2025-12-13','2025-12-13')
INSERT INTO dbo.stage (stage_id,tournament_id,stage_name,stage_order,start_date,end_date) VALUES(16,1,'Final',6,'2025-12-14','2025-12-14')

CREATE TABLE dbo.team (
    team_id INTEGER PRIMARY KEY,
    team_name VARCHAR(30) NOT NULL,
    country VARCHAR(20) NOT NULL,
CONSTRAINT UQ_team_name UNIQUE (team_name));
INSERT INTO dbo.team (team_id,team_name,country)
Values
(21,'Rare Atom','China'),
(22,'Lynn Vision','China'),
(23,'Red Canids','Brazil'),
(24,'The Huns','Mongolia'),
(25,'GamerLegion','Germany'),
(26,'Fluxo','Brazil'),
(27,'NRG','United States'),
(28,'Legacy','Brazil'),
(29,'FaZe Clan','United States'),
(30,'Imperial','Brazil'),
(31,'Parivision','Russia'),
(32,'Ninjas in Pyjamas','Sweden'),
(33,'B8','Ukraine'),
(34,'Fnatic','United Kingdom'),
(35,'M80','United States'),
(36,'FlyQuest','Australia'),
(37,'MIBR','Brazil'),
(38,'Aurora','Serbia'),
(39,'Tyloo','China'),
(40,'Astralis','Denmark'),
(41,'Passion UA','Ukraine'),
(42,'Team Liquid','Netherlands'),
(43,'3DMAX','France'),
(44,'Natus Vincere','Ukraine'),
(45,'Pain Gaming','Brazil'),
(46,'G2','Germany'),
(47,'Falcons','Saudi Arabia'),
(48,'The Mongolz','Mongolia'),
(49,'Mouz','Germany'),
(50,'Furia','Brazil'),
(51,'Team Spirit','Russia'),
(52,'Team Vitality','France');

CREATE TABLE dbo.player (
    player_id INT PRIMARY KEY,
    nickname VARCHAR(50) NOT NULL,
    first_name VARCHAR(30) NOT NULL,
    last_name VARCHAR(30) NOT NULL,
    birth_date DATE NULL,
    position VARCHAR(20) NOT NULL,
    country VARCHAR(25) NOT NULL,

    CONSTRAINT UQ_player_nickname UNIQUE (nickname)
);


INSERT INTO dbo.player (player_id,nickname,first_name,last_name,birth_date,position,country)
VALUES
(101,'Summer','YuLun','Cai','1997-05-16','In-Game Leader','China'),
(102,'L1haNg','Li','Yihang','2003-11-14','Riffler','China'),
(103,'TiGeR','Zheng','Junbin','2003-06-30','AWPer','China'),
(104,'Marek','Huang','Tzu-chi','1993-08-22','Riffler','Taiwan'),
(105,'ChildKing','Peng','Junhao','2000-02-22','Riffler','China'),
(106,'z4kr','Zhang','Sike','2002-11-14','AWPer','China'),
(107,'westmelon','Niu','Zhe','2001-02-04','In-Game Leader','China'),
(108,'EmiliaQAQ','Tang','Junjie','2004-08-23','Riffler','China'),
(109,'Starry','Ye','Lizhi','2005-01-03','Riffler','China'),
(110,'C4LLM3SU3','Su','Qihao','2004-03-09','Riffler','China'),
(111,'Drop','Andre','Wagner de Abreu','2004-01-15','In-Game Leader','Brazil'),
(112,'chayJESUS','Richard','Seidy de Almeida Yoshita','2001-08-17','Riffler','Brazil'),
(113,'history','Allan','Lawrenz Santi Botton','2004-06-08','AWPer','Brazil'),
(114,'kauez','Kaue','Rian Kaschuk','2003-05-08','Lurker','Brazil'),
(115,'venomzera','Carlos','Eduardo Dias Junior','2004-08-19','Riffler','Brazil'),
(116,'nin9','Yesuntumur','Gantulga','1998-04-03','AWP In-Game Leader','Mongolia'),
(117,'cobrazera','Anarbileg','Uuganbayar','2005-08-03','Riffler','Mongolia'),
(118,'xerolte','Munkhtogtokh','Enkhbat','2003-05-03','Riffler','Mongolia'),
(119,'Bart4k','Baatarkhuu','Batbold','2004-05-29','Riffler','Mongolia'),
(120,'sk0R','Tengis','Batjargal','2002-05-12','Riffler','Mongolia'),
(121,'ztr','Erik','Gustafsson','2003-08-02','In-Game Leader','Sweden'),
(122,'hypex','Milan','Polowiec','2003-12-22','AWPer','Poland'),
(123,'PR','Oldřich','Nový','2007-09-17','Riffler','Czechia'),
(124,'Tauson','Sebastian','Lindelof','2005-08-17','Riffler','Denmark'),
(125,'REZ','Fredrik','Sterner','1998-01-11','Riffler','Sweden'),
(126,'arT','Andrei','Piovezan','1996-03-27','In-Game Leader','Brazil'),
(127,'kye','Kayke','Bertolucci','2004-10-15','Support','Brazil'),
(128,'Lucaozy','Lucas','Neves','2001-10-16','Riffler','Brazil'),
(129,'zevy','Romeu','Rocco','2001-05-31','AWPer','Brazil'),
(130,'decenty','Lucas','Bacelar','2004-03-01','Lurker','Brazil'),
(131,'XotiC','Zechrie','Elshani','2001-02-02','AWPer','United States'),
(132,'daps','Damian','Steele','1993-07-28','Coach stand in','Canada'),
(133,'Sonic','Aran','Groesbeek','1998-12-02','Lurker','South Africa'),
(134,'br0','Alexander','Bro','2002-04-02','Riffler','Denmark'),
(135,'Jeorge','Jeorge','Endicott','2002-04-14','Riffler','United States'),
(136,'latto','Bruno','Rebelatto','2002-12-21','Riffler','Brazil'),
(137,'saadzin','Guilherme','Pacheco','2004-05-14','AWPer','Brazil'),
(138,'dumau','Eduardo','Wolkmer','2003-11-09','Riffler','Brazil'),
(139,'n1ssim','Vinicius','Pereira','2001-04-27','Riffler','Brazil'),
(140,'lux','Lucas','Meneghini','2002-04-18','In-Game Leader','Brazil'),
(141,'broky','Helvijs','Saukants','2001-02-14','AWPer','Latvia'),
(142,'karrigan','Finn','Andersen','1990-04-14','In-Game Leader','Denmark'),
(143,'frozen','David','Čerňanský','2002-07-18','Riffler','Slovakia'),
(144,'Twistzz','Russel','Van Dulken','1999-11-14','Support','Canada'),
(145,'jcobbb','Jakub','Pietruszewski','2004-01-27','Riffler','Poland'),
(146,'chelo','Marcelo','Cespedes','1998-06-08','Entry','Brazil'),
(147,'skullz','Felipe','Medeiros','2002-04-20','Riffler','Brazil'),
(148,'VINI','Vinicius','Figueiredo','1999-05-20','In-Game Leader','Brazil'),
(149,'noway','Kaiky','Santos','2005-05-12','Riffler','Brazil'),
(150,'try','Santino','Rigal','2004-09-23','AWPer','Argentina'),
(151,'Jame','Dzhami','Ali','1998-08-23','AWP In-Game Leader','Russia'),
(152,'BELCHONOKK','Andrey','Yasinskiy','2004-01-14','Riffler','Russia'),
(153,'nota','Emil','Moskvitin','2007-04-28','Riffler','Russia'),
(154,'xiELO','Vladislav','Lysov','2006-01-28','Riffler','Russia'),
(155,'AW','Andrey','Anisimov','2006-01-11','Riffler','Russia'),
(156,'r1nkle','Artem','Moroz','2004-10-27','AWPer','Ukraine'),
(157,'sjuush','Rasmus','Beck','1999-01-03','Support','Denmark'),
(158,'Snappi','Marco','Pfeiffer','1990-06-09','In-Game Leader','Denmark'),
(159,'xKacpersky','Kacper','Gabara','2006-10-22','Riffler','Poland'),
(160,'ewjerkz','Michel','Magalhães','2000-09-24','Riffler','Portugal'),
(161,'npl','Andrii','Kukharskyi','2005-07-21','Riffler','Ukraine'),
(162,'esenthial','Dmytro','Tsvir','2006-02-26','Riffler','Ukraine'),
(163,'kensizor','Artem','Kapran','2006-02-02','Riffler','Ukraine'),
(164,'headtr1ck','Danyyl','Valitov','2004-06-30','AWPer','Ukraine'),
(165,'alex666','Oleksii','Yarmoshchuk','2001-08-03','In-Game Leader','Ukraine'),
(166,'jackasmo','Mykyta','Skyba','2007-05-27','Riffler','Ukraine'),
(167,'fear','Rodyon','Smyk','2000-11-20','In-Game Leader','Ukraine'),
(168,'jambo','Dmytro','Semera','2004-10-14','AWPer','Ukraine'),
(169,'blameF','Benjamin','Bremer','1997-06-10','Lurker','Denmark'),
(170,'KRIMZ','Freddy','Johansson','1994-04-25','Support','Sweden'),
(171,'Swisher','Michael','Schmid','1998-09-17','Entry','United States'),
(172,'Lake','Mason','Sanderson','2004-10-19','Riffler','United States'),
(173,'HexT','Jadan','Postma','2001-10-30','Entry','Canada'),
(174,'slaxz-','Fritz','Dietrich','1998-11-25','AWPer','Germany'),
(175,'s1n','Elias','Stein','2002-03-18','In-Game Leader','Germany'),
(176,'INS','Joshua','Potter','1998-09-22','In-Game Leader','Australia'),
(177,'Vexite','Declan','Portelli','2004-09-05','Riffler','Australia'),
(178,'nettik','Corey','Browne','2003-07-30','Riffler','New Zealand'),
(179,'jks','Justin','Savage','1995-12-12','Riffler','Australia'),
(180,'regali','Iulian','Harjău','2002-08-26','AWPer','Romania'),
(181,'brnz4n','Breno','Poletto','2003-08-26','Entry','Brazil'),
(182,'insani','Felipe','Yuji','2004-04-25','Support','Brazil'),
(183,'exit','Raphael','Lacerda','1996-08-29','Lurker','Brazil'),
(184,'kl1m','Klimentii','Krivosheev','2005-10-03','AWPer','Russia'),
(185,'Qikert','Aleksei','Golubev','1999-01-01','In-Game Leader','Kazakhstan'),
(186,'XANTARES','İsmailсan','Dörtkardeş','1995-08-07','Entry','Turkey'),
(187,'Wicadia','Ali','Haydar Yalçın','2005-03-04','Riffler','Turkey'),
(188,'jottAAA','Samet','Köklü','2002-07-15','Riffler','Turkey'),
(189,'woxic','Özgür','Eker','1998-09-02','AWPer','Turkey'),
(190,'MAJ3R','Engin','Küpeli','1991-01-25','In-Game Leader','Turkey'),
(191,'JamYoung','Yang','Yi','2001-07-23','Riffler','China'),
(192,'Moseyuh','Chen','Qianhao','2004-12-21','Riffler','China'),
(193,'Mercury','Wang','Jingxiang','2000-12-15','In-Game Leader','China'),
(194,'Jee','Ji','Dongkai','2004-12-21','AWPer','China'),
(195,'Attacker','Sheng','Yuanzhang','1997-01-07','Riffler','China'),
(196,'Staehr','Victor','Staehr','2004-07-19','Riffler','Denmark'),
(197,'jabbi','Jakob','Nygaard','2003-07-23','Riffler','Denmark'),
(198,'Magisk','Emil','Reif','1998-03-05','Riffler','Denmark'),
(199,'dev1ce','Nicolai','Reedtz','1995-09-08','AWPer','Denmark'),
(200,'HooXi','Rasmus','Nielsen','1995-05-21','In-Game Leader','Denmark'),
(201,'JT','Ioannis','Theodosiou','1999-04-09','In-Game Leader','South Africa'),
(202,'hallzerk','Håkon','Fjærli','2000-07-14','AWPer','Norway'),
(203,'Kvem','Vladyslav','Korol','2001-08-29','Riffler','Ukraine'),
(204,'nicx','Nicholas','Lee','2004-11-29','Riffler','United States'),
(205,'Grim','Michael','Wince','2000-11-22','Entry','United States'),
(206,'ultimate','Roland','Tomkowiak','2003-11-29','AWPer','Poland'),
(207,'siuhy','Kamil','Szkaradek','2002-08-26','In-Game Leader','Poland'),
(208,'EliGE','Jonathan','Jablonowski','1997-07-16','Entry','United States'),
(209,'NAF','Keith','Markovic','1997-11-24','Riffler','Canada'),
(210,'NertZ','Guy','Iluz','1999-07-12','Riffler','Israel'),
(211,'Lucky','Lucas','Chastang','1998-04-06','Entry','France'),
(212,'Ex3rcice','Pierre','Bulinge','2000-02-04','Riffler','France'),
(213,'Maka','Bryan','Canda','1997-07-06','AWPer','France'),
(214,'Graviti','Filip','Branković','2003-11-08','In-Game Leader','France'),
(215,'bodyy','Alexandre','Pianaro','1997-01-08','Riffler','France'),
(216,'b1t','Valerii','Vakhovskyi','2003-01-05','Support','Ukraine'),
(217,'w0nderful','Ihor','Zhdanov','2004-12-14','AWPer','Ukraine'),
(218,'Aleksib','Aleksi','Virolainen','1997-03-30','In-Game Leader','Finland'),
(219,'iM','Mihai','Ivan','1999-07-29','Entry','Romania'),
(220,'makazze','Drin','Shaqiri','2006-12-21','Riffler','Kosovo'),
(221,'snow','João','Vinicius','2007-03-22','Support','Brazil'),
(222,'biguzera','Rodrigo','Bittencourt','1997-02-18','In-Game Leader','Brazil'),
(223,'nqz','Lucas','Soares','2005-01-18','AWPer','Brazil'),
(224,'dgt','Franco','Garcia','2001-05-12','Lurker','Uruguay'),
(225,'dav1deuS','David','Tapia','2000-06-07','Riffler','Chile'),
(226,'HeavyGod','Nikita','Martynenko','2002-07-24','Riffler','Israel'),
(227,'malbsMd','Mario','Samayoa','2002-10-17','Entry','Guatemala'),
(228,'matys','Matúš','Šimko','2002-04-21','Riffler','Slovakia'),
(229,'SunPayus','Álvaro','García','1998-11-19','AWPer','Spain'),
(230,'huNter-','Nemanja','Kovač','1996-01-03','In-Game Leader','Bosnia and Herzegovina'),
(231,'m0NESY','Ilya','Osipov','2005-05-01','AWPer','Russia'),
(232,'kyousuke','Maksim','Lukin','2008-01-30','Entry','Russia'),
(233,'NiKo','Nikola','Kovač','1997-02-16','Entry','Bosnia and Herzegovina'),
(234,'TeSeS','René','Madsen','2000-12-12','Entry','Denmark'),
(235,'kyxsan','Damjan','Stoilkovski','2000-05-26','In-Game Leader','North Macedonia'),
(236,'Techno4K','Sodbayar','Munkhbold','2005-05-20','Riffler','Mongolia'),
(237,'mzinho','Ayush','Batbold','2007-06-28','Riffler','Mongolia'),
(238,'controlez','Unudelger','Baasanjargal','1997-05-23','Riffler','Mongolia'),
(239,'bLitz','Garidmagnai','Byambasuren','2001-06-26','In-Game Leader','Mongolia'),
(240,'910','Usukhbayar','Banzragch','2002-07-05','AWPer','Mongolia'),
(241,'xertioN','Dorian','Berman','2004-07-22','Entry','Israel'),
(242,'Spinx','Lotan','Giladi','2000-09-13','Entry','Israel'),
(243,'Jimpphat','Jimi','Salo','2006-09-09','Support','Finland'),
(244,'torzsi','Ádám','Torzsás','2002-05-17','AWPer','Hungary'),
(245,'Brollan','Ludvig','Brolin','2002-06-17','In-Game Leader','Sweden'),
(246,'yuurih','Yuri','Boian','1999-12-22','Riffler','Brazil'),
(247,'FalleN','Gabriel','Toledo','1991-05-30','In-Game Leader','Brazil'),
(248,'KSCERATO','Kaike','Cerato','1999-09-12','Lurker','Brazil'),
(249,'molodoy','Danil','Golubenko','2005-01-10','AWPer','Kazakhstan'),
(250,'YEKINDAR','Mareks','Gaļinskis','1999-10-04','Entry','Latvia'),
(251,'donk','Danil','Kryshkovets','2007-01-25','Entry','Russia'),
(252,'chopper','Leonid','Vishnyakov','1997-02-04','In-Game Leader','Russia'),
(253,'zweih','Ivan','Gogin','2007-09-19','Riffler','Russia'),
(254,'sh1ro','Dmitriy','Sokolov','2001-07-15','AWPer','Russia'),
(255,'tN1R','Andrey','Tatarinovich','2001-02-14','Riffler','Belarus'),
(256,'apEX','Dan','Madesclaire','1993-02-22','In-Game Leader','France'),
(257,'ZywOo','Mathieu','Herbaut','2000-11-09','AWPer','France'),
(258,'flameZ','Shahar','Shushan','2003-06-22','Entry','Israel'),
(259,'mezii','William','Merriman','1998-10-15','Riffler','United Kingdom'),
(260,'ropz','Robin','Kool','1999-12-22','Lurker','Estonia');

CREATE TABLE dbo.coach (
    coach_id INTEGER PRIMARY KEY,
    nickname NVARCHAR(50) NOT NULL,
    first_name VARCHAR(30) NOT NULL,
    last_name VARCHAR(30) NOT NULL,
    birth_date DATE NOT NULL,
    country NVARCHAR(30) NOT NULL,
    CONSTRAINT UQ_coach_nickname UNIQUE (nickname)
);

INSERT INTO dbo.coach (coach_id,nickname,first_name,last_name,birth_date,country)
VALUES
(301,'z8z','Liu','Zhenghui','1989-06-04','China'),
(302,'GUM','Dai','Yifei','1992-09-25','China'),
(303,'tge','Gustavo','Motta','1997-10-24','Brazil'),
(304,'carnage','Badral','Purevkhuu','1988-08-02','Mongolia'),
(305,'ashhh','Ashley','Battye','1990-09-11','United Kingdom'),
(306,'tacticus','Marcos','Castilho','1999-11-25','Brazil'),
(307,'daps','Damian','Steele','1993-07-28','Canada'),
(308,'chucky','Olavo','Napoleão','1988-03-15','Brazil'),
(309,'NEO','Filip','Kubski','1987-06-15','Poland'),
(310,'zakk','Rafael','Fernandes','1991-11-14','Brazil'),
(311,'dastan','Dastan','Aqbaev','1993-08-05','Kazakhstan'),
(312,'Xizt','Richard','Landström','1991-02-22','Sweden'),
(313,'Maddened','Ivan','Iordanidi','2000-12-04','Non-representing'),
(314,'Independent','Miks','Siliņš','1998-07-03','Latvia'),
(315,'dephh','Rory','Jackson','1991-12-23','United Kingdom'),
(316,'AZR','Aaron','Ward','1992-10-02','Australia'),
(317,'Fabre','Sezgin','Kalaycı','1990-06-01','Turkey'),
(318,'zhokiNg','Zhong','Weijie','1993-12-07','China'),
(319,'ruggah','Casper','Due','1988-09-01','Denmark'),
(320,'T.c','Tiaan','Coertzen','1992-08-23','South Africa'),
(321,'flashie','Viktor','Tamás Bea','1995-08-21','Hungary'),
(322,'YouKnow','Pierre','Marco','2000-02-12','France'),
(323,'B1ad3','Andrii','Horodenskyi','1986-11-11','Ukraine'),
(324,'rikz','Henrique','Waku','1991-01-13','Brazil'),
(325,'sAw','Eetu','Saha','1992-07-30','Finland'),
(326,'zonic','Danny','Sørensen','1986-07-30','Denmark'),
(327,'sycrone','Dennis','Nielsen','1996-02-11','Denmark'),
(328,'sidde','Sidnei','Macedo','1997-02-06','Brazil'),
(329,'maaRaa','Erdenedalai','Bayanbat','1990-04-13','Mongolia'),
(330,'hally','Sergey','Shavayev','1993-07-06','Russia'),
(331,'XTQZZZ','Rémy','Quoniam','1988-12-23','France'),
(332,'jnt','Jhonatan','Silva','1994-05-22','Brazil');

CREATE TABLE dbo.team_player (
    team_id INT NOT NULL,
    player_id INT NOT NULL,
    tournament_id INT NOT NULL,

    CONSTRAINT PK_team_player
        PRIMARY KEY (team_id, player_id, tournament_id),

    CONSTRAINT FK_team_player_team
        FOREIGN KEY (team_id) REFERENCES dbo.team(team_id),

    CONSTRAINT FK_team_player_player
        FOREIGN KEY (player_id) REFERENCES dbo.player(player_id),

    CONSTRAINT FK_team_player_tournament
        FOREIGN KEY (tournament_id) REFERENCES dbo.tournament(tournament_id)
);
INSERT INTO dbo.team_player(team_id,player_id,tournament_id)
VALUES
(21,101,1),
(21,102,1),
(21,103,1),
(21,104,1),
(21,105,1),
(22,106,1),
(22,107,1),
(22,108,1),
(22,109,1),
(22,110,1),
(23,111,1),
(23,112,1),
(23,113,1),
(23,114,1),
(23,115,1),
(24,116,1),
(24,117,1),
(24,118,1),
(24,119,1),
(24,120,1),
(25,121,1),
(25,122,1),
(25,123,1),
(25,124,1),
(25,125,1),
(26,126,1),
(26,127,1),
(26,128,1),
(26,129,1),
(26,130,1),
(27,131,1),
(27,132,1),
(27,133,1),
(27,134,1),
(27,135,1),
(28,136,1),
(28,137,1),
(28,138,1),
(28,139,1),
(28,140,1),
(29,141,1),
(29,142,1),
(29,143,1),
(29,144,1),
(29,145,1),
(30,146,1),
(30,147,1),
(30,148,1),
(30,149,1),
(30,150,1),
(31,151,1),
(31,152,1),
(31,153,1),
(31,154,1),
(31,155,1),
(32,156,1),
(32,157,1),
(32,158,1),
(32,159,1),
(32,160,1),
(33,161,1),
(33,162,1),
(33,163,1),
(33,164,1),
(33,165,1),
(34,166,1),
(34,167,1),
(34,168,1),
(34,169,1),
(34,170,1),
(35,171,1),
(35,172,1),
(35,173,1),
(35,174,1),
(35,175,1),
(36,176,1),
(36,177,1),
(36,178,1),
(36,179,1),
(36,180,1),
(37,181,1),
(37,182,1),
(37,183,1),
(37,184,1),
(37,185,1),
(38,186,1),
(38,187,1),
(38,188,1),
(38,189,1),
(38,190,1),
(39,191,1),
(39,192,1),
(39,193,1),
(39,194,1),
(39,195,1),
(40,196,1),
(40,197,1),
(40,198,1),
(40,199,1),
(40,200,1),
(41,201,1),
(41,202,1),
(41,203,1),
(41,204,1),
(41,205,1),
(42,206,1),
(42,207,1),
(42,208,1),
(42,209,1),
(42,210,1),
(43,211,1),
(43,212,1),
(43,213,1),
(43,214,1),
(43,215,1),
(44,216,1),
(44,217,1),
(44,218,1),
(44,219,1),
(44,220,1),
(45,221,1),
(45,222,1),
(45,223,1),
(45,224,1),
(45,225,1),
(46,226,1),
(46,227,1),
(46,228,1),
(46,229,1),
(46,230,1),
(47,231,1),
(47,232,1),
(47,233,1),
(47,234,1),
(47,235,1),
(48,236,1),
(48,237,1),
(48,238,1),
(48,239,1),
(48,240,1),
(49,241,1),
(49,242,1),
(49,243,1),
(49,244,1),
(49,245,1),
(50,246,1),
(50,247,1),
(50,248,1),
(50,249,1),
(50,250,1),
(51,251,1),
(51,252,1),
(51,253,1),
(51,254,1),
(51,255,1),
(52,256,1),
(52,257,1),
(52,258,1),
(52,259,1),
(52,260,1);


CREATE TABLE dbo.team_coach (
    team_id INT NOT NULL,
    coach_id INT NOT NULL,
    tournament_id INT NOT NULL,

    CONSTRAINT PK_team_coach
        PRIMARY KEY (team_id, coach_id, tournament_id),

    CONSTRAINT FK_team_coach_team
        FOREIGN KEY (team_id) REFERENCES dbo.team(team_id),

    CONSTRAINT FK_team_coach_coach
        FOREIGN KEY (coach_id) REFERENCES dbo.coach(coach_id),

    CONSTRAINT FK_team_coach_tournament
        FOREIGN KEY (tournament_id) REFERENCES dbo.tournament(tournament_id)
);
INSERT INTO dbo.team_coach(team_id,coach_id,tournament_id)
VALUES
(21,301,1),
(22,302,1),
(23,303,1),
(24,304,1),
(25,305,1),
(26,306,1),
(27,307,1),
(28,308,1),
(29,309,1),
(30,310,1),
(31,311,1),
(32,312,1),
(33,313,1),
(34,314,1),
(35,315,1),
(36,316,1),
(37,332,1),
(38,317,1),
(39,318,1),
(40,319,1),
(41,320,1),
(42,321,1),
(43,322,1),
(44,323,1),
(45,324,1),
(46,325,1),
(47,326,1),
(48,329,1),
(49,327,1),
(50,328,1),
(51,330,1),
(52,331,1);

CREATE TABLE dbo.game_map (
    map_id INT PRIMARY KEY,
    map_name NVARCHAR(50) NOT NULL,
    CONSTRAINT UQ_game_map_name UNIQUE (map_name)
);

INSERT INTO dbo.game_map(map_id,map_name)
VALUES
(401,'Inferno'),
(402,'Mirage'),
(403,'Train'),
(404,'Dust 2'),
(405,'Overpass'),
(406,'Ancient'),
(407,'Nuke');


CREATE TABLE dbo.matches (
    match_id INT PRIMARY KEY,
    tournament_id INT NOT NULL,
    stage_id INT NOT NULL,
    match_date DATE NULL,
    team1_id INT NOT NULL,
    team2_id INT NOT NULL,
    winner_team_id INT NULL,
    best_of INT NOT NULL,
    team1_map_score INT NOT NULL,
    team2_map_score INT NOT NULL,
    notes NVARCHAR(50) NULL,

    CONSTRAINT FK_matches_tournament
        FOREIGN KEY (tournament_id) REFERENCES dbo.tournament(tournament_id),

    CONSTRAINT FK_matches_stage
        FOREIGN KEY (stage_id) REFERENCES dbo.stage(stage_id),

    CONSTRAINT FK_matches_team1
        FOREIGN KEY (team1_id) REFERENCES dbo.team(team_id),

    CONSTRAINT FK_matches_team2
        FOREIGN KEY (team2_id) REFERENCES dbo.team(team_id),

    CONSTRAINT FK_matches_winner
        FOREIGN KEY (winner_team_id) REFERENCES dbo.team(team_id),


    CONSTRAINT CHK_matches_different_teams
        CHECK (team1_id <> team2_id),

    CONSTRAINT CHK_matches_best_of
        CHECK (best_of IN (1, 3, 5)),

    CONSTRAINT CHK_matches_map_score_nonnegative
        CHECK (team1_map_score >= 0 AND team2_map_score >= 0)
);


INSERT INTO dbo.matches(match_id,tournament_id,stage_id,match_date,team1_id,team2_id,winner_team_id,best_of,team1_map_score,team2_map_score,notes)
VALUES
(1001,1,11,'2025-11-24',30,21,30,1,1,0,'Stage 1 BO1'), 
(1002,1,11,'2025-11-24',33,35,35,1,0,1,'Stage 1 BO1'), 
(1003,1,11,'2025-11-24',28,36,36,1,0,1,'Stage 1 BO1'), 
(1004,1,11,'2025-11-24',31,24,31,1,1,0,'Stage 1 BO1'), 
(1005,1,11,'2025-11-24',32,27,27,1,0,1,'Stage 1 BO1'), 
(1006,1,11,'2025-11-24',25,26,26,1,0,1,'Stage 1 BO1'), 
(1007,1,11,'2025-11-24',29,22,29,1,1,0,'Stage 1 BO1'), 
(1008,1,11,'2025-11-24',34,23,34,1,1,0,'Stage 1 BO1'), 
(1009,1,11,'2025-11-24',28,21,28,1,1,0,'Stage 1 BO1'), 
(1010,1,11,'2025-11-24',30,36,36,1,0,1,'Stage 1 BO1'), 
(1011,1,11,'2025-11-24',33,24,33,1,1,0,'Stage 1 BO1'), 
(1012,1,11,'2025-11-24',25,23,23,1,0,1,'Stage 1 BO1'), 
(1013,1,11,'2025-11-24',31,35,35,1,0,1,'Stage 1 BO1'), 
(1014,1,11,'2025-11-24',32,22,32,1,1,0,'Stage 1 BO1'), 
(1015,1,11,'2025-11-25',34,26,26,1,0,1,'Stage 1 BO1'), 
(1016,1,11,'2025-11-25',29,27,27,1,0,1,'Stage 1 BO1'), 
(1017,1,11,'2025-11-25',28,23,28,1,1,0,'Stage 1 BO1'), 
(1018,1,11,'2025-11-25',33,31,33,1,1,0,'Stage 1 BO1'), 
(1019,1,11,'2025-11-25',34,30,34,1,1,0,'Stage 1 BO1'), 
(1020,1,11,'2025-11-25',29,32,32,1,0,1,'Stage 1 BO1'), 
(1021,1,11,'2025-11-25',36,26,36,3,2,0,'Stage 1 BO3'), 
(1022,1,11,'2025-11-25',25,21,25,3,2,0,'Stage 1 BO3'),
(1023,1,11,'2025-11-25',35,27,35,3,2,0,'Stage 1 BO3'), 
(1024,1,11,'2025-11-25',24,22,24,3,2,0,'Stage 1 BO3'), 
(1025,1,11,'2025-11-26',26,32,32,3,0,2,'Stage 1 BO3'), 
(1026,1,11,'2025-11-26',33,28,33,3,2,0,'Stage 1 BO3'), 
(1027,1,11,'2025-11-26',27,34,34,3,1,2,'Stage 1 BO3'), 
(1028,1,11,'2025-11-26',23,29,29,3,1,2,'Stage 1 BO3'),
(1029,1,11,'2025-11-26',30,24,30,3,2,0,'Stage 1 BO3'), 
(1030,1,11,'2025-11-26',31,25,31,3,2,0,'Stage 1 BO3'), 
(1031,1,11,'2025-11-27',26,29,29,3,1,2,'Stage 1 BO3'), 
(1032,1,11,'2025-11-27',27,30,30,3,0,2,'Stage 1 BO3'), 
(1033,1,11,'2025-11-27',31,28,31,3,2,1,'Stage 1 BO3'),
(1034,1,12,'2025-11-29',40,32,32,1,0,1,'Stage 2 BO1'), 
(1035,1,12,'2025-11-29',43,34,34,1,0,1,'Stage 2 BO1'), 
(1036,1,12,'2025-11-29',31,39,39,1,0,1,'Stage 2 BO1'), 
(1037,1,12,'2025-11-29',41,29,29,1,0,1,'Stage 2 BO1'), 
(1038,1,12,'2025-11-29',38,35,38,1,1,0,'Stage 2 BO1'), 
(1039,1,12,'2025-11-29',44,36,44,1,1,0,'Stage 2 BO1'),
(1040,1,12,'2025-11-29',42,33,33,1,0,1,'Stage 2 BO1'), 
(1041,1,12,'2025-11-29',37,30,30,1,0,1,'Stage 2 BO1'),
(1042,1,12,'2025-11-29',32,39,32,1,1,0,'Stage 2 BO1'), 
(1043,1,12,'2025-11-29',36,43,43,1,0,1,'Stage 2 BO1'), 
(1044,1,12,'2025-11-29',44,30,44,1,1,0,'Stage 2 BO1'),
(1045,1,12,'2025-11-29',35,40,35,1,1,0,'Stage 2 BO1'), 
(1046,1,12,'2025-11-29',41,37,41,1,1,0,'Stage 2 BO1'), 
(1047,1,12,'2025-11-29',38,29,29,1,0,1,'Stage 2 BO1'), 
(1048,1,12,'2025-11-29',31,42,31,1,1,0,'Stage 2 BO1'),
(1049,1,12,'2025-11-29',34,33,33,1,0,1,'Stage 2 BO1'), 
(1050,1,12,'2025-11-30',41,43,43,1,0,1,'Stage 2 BO1'),
(1051,1,12,'2025-11-30',35,39,35,1,1,0,'Stage 2 BO1'), 
(1052,1,12,'2025-11-30',34,30,30,1,0,1,'Stage 2 BO1'), 
(1053,1,12,'2025-11-30',31,38,31,1,1,0,'Stage 2 BO1'), 
(1054,1,12,'2025-11-30',36,40,40,3,0,2,'Stage 2 BO3'), 
(1055,1,12,'2025-11-30',29,32,29,3,2,0,'Stage 2 BO3'), 
(1056,1,12,'2025-11-30',37,42,42,3,0,2,'Stage 2 BO3'), 
(1057,1,12,'2025-11-30',44,33,44,3,2,0,'Stage 2 BO3'), 
(1058,1,12,'2025-12-01',34,41,41,3,0,2,'Stage 2 BO3'),
(1059,1,12,'2025-12-01',31,32,31,3,2,0,'Stage 2 BO3'), 
(1060,1,12,'2025-12-01',38,40,40,3,1,2,'Stage 2 BO3'), 
(1061,1,12,'2025-12-01',30,35,30,3,2,1,'Stage 2 BO3'), 
(1062,1,12,'2025-12-01',42,39,42,3,2,1,'Stage 2 BO3'), 
(1063,1,12,'2025-12-02',33,43,33,3,2,1,'Stage 2 BO3'), 
(1064,1,12,'2025-12-02',41,35,41,3,2,1,'Stage 2 BO3'), 
(1065,1,12,'2025-12-02',42,40,42,3,2,0,'Stage 2 BO3'), 
(1066,1,12,'2025-12-02',32,43,43,3,0,2,'Stage 2 BO3'), 
(1067,1,13,'2025-12-04',49,31,49,1,1,0,'Stage 3 BO1'),  
(1068,1,13,'2025-12-04',30,48,30,1,1,0,'Stage 3 BO1'), 
(1069,1,13,'2025-12-04',41,46,46,1,0,1,'Stage 3 BO1'), 
(1070,1,13,'2025-12-04',51,42,51,1,1,0,'Stage 3 BO1'), 
(1071,1,13,'2025-12-04',45,43,45,1,1,0,'Stage 3 BO1'), 
(1072,1,13,'2025-12-04',52,29,29,1,0,1,'Stage 3 BO1'), 
(1073,1,13,'2025-12-04',50,44,50,1,1,0,'Stage 3 BO1'), 
(1074,1,13,'2025-12-04',33,47,33,1,1,0,'Stage 3 BO1'),
(1075,1,13,'2025-12-04',45,46,46,1,0,1,'Stage 3 BO1'), 
(1076,1,13,'2025-12-04',43,52,52,1,0,1,'Stage 3 BO1'),
(1077,1,13,'2025-12-04',41,47,47,1,0,1,'Stage 3 BO1'),
(1078,1,13,'2025-12-04',29,51,51,1,0,1,'Stage 3 BO1'),
(1079,1,13,'2025-12-04',49,33,49,1,1,0,'Stage 3 BO1'), 
(1080,1,13,'2025-12-04',42,48,48,1,0,1,'Stage 3 BO1'), 
(1081,1,13,'2025-12-04',31,44,44,1,0,1,'Stage 3 BO1'),
(1082,1,13,'2025-12-04',50,30,50,1,1,0,'Stage 3 BO1'), 
(1083,1,13,'2025-12-05',33,52,52,1,0,1,'Stage 3 BO1'), 
(1084,1,13,'2025-12-05',29,48,48,1,0,1,'Stage 3 BO1'), 
(1085,1,13,'2025-12-05',30,47,47,1,0,1,'Stage 3 BO1'), 
(1086,1,13,'2025-12-05',45,44,44,1,0,1,'Stage 3 BO1'), 
(1087,1,13,'2025-12-05',41,42,41,3,2,0,'Stage 3 BO3'), 
(1088,1,13,'2025-12-05',49,51,51,3,1,2,'Stage 3 BO3'), 
(1089,1,13,'2025-12-05',31,43,43,3,1,2,'Stage 3 BO3'), 
(1090,1,13,'2025-12-05',50,46,50,3,2,0,'Stage 3 BO3'), 
(1091,1,13,'2025-12-06',44,52,52,3,0,2,'Stage 3 BO3'), 
(1092,1,13,'2025-12-06',33,45,33,3,2,0,'Stage 3 BO3'), 
(1093,1,13,'2025-12-06',41,30,41,3,2,0,'Stage 3 BO3'), 
(1094,1,13,'2025-12-06',49,47,49,3,2,1,'Stage 3 BO3'), 
(1095,1,13,'2025-12-06',43,29,29,3,0,2,'Stage 3 BO3'), 
(1096,1,13,'2025-12-06',46,48,48,3,0,2,'Stage 3 BO3'), 
(1097,1,13,'2025-12-07',33,44,44,3,0,2,'Stage 3 BO3'),
(1098,1,13,'2025-12-07',29,41,29,3,2,0,'Stage 3 BO3'), 
(1099,1,13,'2025-12-07',46,47,47,3,1,2,'Stage 3 BO3'),
(1100,1,14,'2025-12-11',51,47,51,3,2,0,'Quarterfinals BO3'), 
(1101,1,14,'2025-12-11',52,48,52,3,2,0,'Quarterfinals BO3'), 
(1102,1,14,'2025-12-12',49,29,29,3,0,2,'Quarterfinals BO3'), 
(1103,1,14,'2025-12-12',50,44,44,3,1,2,'Quarterfinals BO3'), 
(1104,1,15,'2025-12-13',51,52,52,3,0,2,'Semifinals BO3'), 
(1105,1,15,'2025-12-13',29,44,29,3,2,1,'Semifinals BO3'), 
(1106,1,16,'2025-12-14',52,29,52,5,3,1,'Final BO5');

 
CREATE TABLE dbo.match_map (
    match_map_id INT PRIMARY KEY,
    match_id INT NOT NULL,
    map_id INT NOT NULL,
    map_number INT NOT NULL,
    team1_score INT NOT NULL,
    team2_score INT NOT NULL,
    winner_team_id INT NULL,
    overtime BIT NOT NULL
        CONSTRAINT DF_match_map_overtime DEFAULT (0),

    CONSTRAINT FK_match_map_match
        FOREIGN KEY (match_id) REFERENCES dbo.matches(match_id),

    CONSTRAINT FK_match_map_map
        FOREIGN KEY (map_id) REFERENCES dbo.game_map(map_id),

    CONSTRAINT FK_match_map_winner
        FOREIGN KEY (winner_team_id) REFERENCES dbo.team(team_id),

    CONSTRAINT UQ_match_map_match_number
        UNIQUE (match_id, map_number),

    CONSTRAINT CHK_match_map_number
        CHECK (map_number >= 1),

    CONSTRAINT CHK_match_map_scores_nonnegative
        CHECK (team1_score >= 0 AND team2_score >= 0)
);


INSERT INTO dbo.match_map (match_map_id, match_id, map_id, map_number, team1_score, team2_score, winner_team_id, overtime)
VALUES
(2001,1001,404,1,13,11,30,0),
(2002,1002,402,1,11,13,35,0),
(2003,1003,403,1,10,13,36,0),
(2004,1004,402,1,13,8,31,0),
(2005,1005,405,1,7,13,27,0), 
(2006,1006,407,1,10,13,26,0), 
(2007,1007,407,1,13,5,29,0), 
(2008,1008,406,1,16,14,34,1), 
(2009,1009,404,1,13,6,28,0),  
(2010,1010,401,1,6,13,36,0),  
(2011,1011,406,1,13,11,33,0), 
(2012,1012,403,1,6,13,23,0), 
(2013,1013,402,1,9,13,35,0), 
(2014,1014,403,1,13,2,32,0), 
(2015,1015,403,1,9,13,26,0), 
(2016,1016,404,1,10,13,27,0), 
(2017,1017,407,1,13,6,28,0), 
(2018,1018,401,1,13,11,33,0), 
(2019,1019,403,1,13,3,34,0), 
(2020,1020,405,1,8,13,32,0), 
(2021,1021,405,1,13,1,36,0), 
(2022,1021,401,2,13,3,36,0),  
(2023,1022,401,1,13,7,25,0), 
(2024,1022,405,2,13,5,25,0), 
(2025,1023,404,1,13,7,35,0), 
(2026,1023,402,2,13,2,35,0), 
(2027,1024,406,1,13,7,24,0),
(2028,1024,404,2,13,8,24,0),  
(2029,1025,407,1,5,13,32,0),  
(2030,1025,403,2,5,13,32,0), 
(2031,1026,404,1,16,12,33,1), 
(2032,1026,402,2,13,5,33,0), 
(2033,1027,402,1,13,3,27,0),   
(2034,1027,401,2,10,13,34,0),  
(2035,1027,404,3,9,13,34,0), 
(2036,1028,402,1,13,7,23,0), 
(2037,1028,407,2,17,19,29,1),  
(2038,1028,401,3,5,13,29,0),   
(2039,1029,407,1,13,8,30,0),  
(2040,1029,402,2,16,12,30,1), 
(2041,1030,405,1,16,14,31,1),  
(2042,1030,406,2,16,12,31,1), 
(2043,1031,401,1,6,13,29,0),     
(2044,1031,407,2,13,7,26,0), 
(2045,1031,402,3,10,13,29,0), 
(2046,1032,407,1,8,13,30,0),          
(2047,1032,403,2,5,13,30,0),  
(2048,1033,406,1,13,9,31,0),   
(2049,1033,401,2,5,13,28,0), 
(2050,1033,404,3,19,16,31,1), 
(2051,1034,407,1,10,13,32,0), 
(2052,1035,401,1,6,13,34,0), 
(2053,1036,402,1,5,13,39,0),  
(2054,1037,404,1,10,13,29,0), 
(2055,1038,404,1,13,6,38,0), 
(2056,1039,403,1,13,2,44,0), 
(2057,1040,402,1,7,13,33,0), 
(2058,1041,407,1,5,13,30,0), 
(2059,1042,407,1,13,8,32,0), 
(2060,1043,401,1,7,13,43,0), 
(2061,1044,402,1,13,10,44,0), 
(2062,1045,406,1,13,11,35,0), 
(2063,1046,402,1,13,10,41,0), 
(2064,1047,404,1,10,13,29,0), 
(2065,1048,404,1,13,3,31,0), 
(2066,1049,406,1,11,13,33,0), 
(2067,1050,403,1,3,13,43,0),
(2068,1051,403,1,13,10,35,0), 
(2069,1052,404,1,10,13,30,0), 
(2070,1053,405,1,13,11,31,0), 
(2071,1054,402,1,5,13,40,0),
(2072,1054,405,2,11,13,40,0),
(2073,1055,401,1,16,12,29,1),
(2074,1055,407,2,16,12,29,1),
(2075,1056,401,1,5,13,42,0), 
(2076,1056,402,2,17,19,42,1), 
(2077,1057,403,1,13,6,44,0),
(2078,1057,402,2,13,8,44,0), 
(2079,1058,405,1,11,13,41,0),
(2080,1058,401,2,7,13,41,0),
(2081,1059,404,1,19,16,31,1),
(2082,1059,403,2,16,12,31,1),
(2083,1060,407,1,13,11,38,0),  
(2084,1060,403,2,8,13,40,0), 
(2085,1060,402,3,11,13,40,0), 
(2086,1061,402,1,13,11,30,0), 
(2087,1061,404,2,2,13,35,0), 
(2088,1061,403,3,13,11,30,0), 
(2089,1062,406,1,9,13,39,0),
(2090,1062,403,2,13,5,42,0), 
(2091,1062,401,3,16,14,42,1), 
(2092,1063,403,1,3,13,43,0), 
(2093,1063,406,2,13,9,33,0), 
(2094,1063,404,3,13,8,33,0), 
(2095,1064,402,1,11,13,35,0), 
(2096,1064,401,2,13,5,41,0),  
(2097,1064,403,3,13,7,41,0),
(2098,1065,407,1,13,7,42,0), 
(2099,1065,402,2,13,9,42,0), 
(2100,1066,406,1,3,13,43,0), 
(2101,1066,403,2,8,13,43,0), 
(2102,1067,405,1,16,14,49,1), 
(2103,1068,404,1,16,14,30,1), 
(2104,1069,402,1,8,13,46,0), 
(2105,1070,403,1,13,8,51,0),  
(2106,1071,407,1,13,10,45,0), 
(2107,1072,407,1,7,13,29,0), 
(2108,1073,407,1,13,2,50,0),
(2109,1074,406,1,13,10,33,0), 
(2110,1075,404,1,7,13,46,0), 
(2111,1076,407,1,4,13,52,0), 
(2112,1077,407,1,5,13,47,0), 
(2113,1078,404,1,5,13,51,0), 
(2114,1079,405,1,13,6,49,0), 
(2115,1080,401,1,9,13,48,0), 
(2116,1081,406,1,6,13,44,0), 
(2117,1082,404,1,13,5,50,0),  
(2118,1083,401,1,2,13,52,0), 
(2119,1084,402,1,7,13,48,0),  
(2120,1085,402,1,1,13,47,0), 
(2121,1086,404,1,8,13,44,0),
(2122,1087,403,1,13,11,41,0),  
(2123,1087,402,2,13,10,41,0),  
(2124,1088,402,1,5,13,51,0), 
(2125,1088,403,2,13,10,49,0), 
(2126,1088,405,3,11,13,51,0), 
(2127,1089,404,1,16,12,31,1), 
(2128,1089,401,2,8,13,43,0), 
(2129,1089,406,3,8,13,43,0), 
(2130,1090,401,1,13,6,50,0),  
(2131,1090,405,2,13,10,50,0), 
(2132,1091,401,1,11,13,52,0), 
(2133,1091,403,2,11,13,52,0), 
(2134,1092,404,1,19,16,33,1),
(2135,1092,406,2,16,12,33,1), 
(2136,1093,401,1,13,8,41,0), 
(2137,1093,404,2,13,10,41,0), 
(2138,1094,402,1,11,13,47,0),
(2139,1094,401,2,13,6,49,0),
(2140,1094,407,3,13,10,49,0),  
(2141,1095,404,1,6,13,29,0), 
(2142,1095,401,2,5,13,29,0), 
(2143,1096,406,1,4,13,48,0), 
(2144,1096,404,2,6,13,48,0),
(2145,1097,406,1,4,13,44,0), 
(2146,1097,403,2,14,16,44,1),
(2147,1098,405,1,13,11,29,0), 
(2148,1098,402,2,13,11,29,0),
(2149,1099,406,1,13,9,46,0), 
(2150,1099,401,2,4,13,47,0), 
(2151,1099,404,3,10,13,47,0), 
(2152,1100,407,1,13,4,51,0), 
(2153,1100,404,2,16,12,51,1), 
(2154,1101,402,1,13,5,52,0), 
(2155,1101,404,2,13,4,52,0), 
(2156,1102,407,1,11,13,29,0), 
(2157,1102,401,2,2,13,29,0), 
(2158,1103,402,1,5,13,44,0), 
(2159,1103,401,2,16,13,50,1), 
(2160,1103,403,3,3,13,44,0), 
(2161,1104,402,1,17,19,52,1), 
(2162,1104,404,2,8,13,52,0), 
(2163,1105,406,1,5,13,44,0), 
(2164,1105,407,2,13,11,29,0),  
(2165,1105,401,3,13,8,29,0), 
(2166,1106,407,1,6,13,29,0), 
(2167,1106,404,2,13,3,52,0), 
(2168,1106,401,3,13,9,52,0), 
(2169,1106,405,4,13,2,52,0); 


CREATE TABLE dbo.player_map_stats (
    match_map_id INT NOT NULL,
    player_id INT NOT NULL,
    team_id INT NOT NULL,
    kills INT NOT NULL DEFAULT 0,
    deaths INT NOT NULL DEFAULT 0,
    adr DECIMAL(5,2) NULL,
    rating DECIMAL(4,2) NOT NULL,

    CONSTRAINT PK_player_map_stats
        PRIMARY KEY (match_map_id, player_id),

    CONSTRAINT FK_player_map_stats_match_map
        FOREIGN KEY (match_map_id) REFERENCES dbo.match_map(match_map_id),

    CONSTRAINT FK_player_map_stats_player
        FOREIGN KEY (player_id) REFERENCES dbo.player(player_id),

    CONSTRAINT FK_player_map_stats_team
        FOREIGN KEY (team_id) REFERENCES dbo.team(team_id)
);
INSERT INTO player_map_stats(match_map_id,player_id,team_id,kills,deaths,adr,rating)
VALUES
(2001,146,30,24,15,98.2,1.67),
(2001,147,30,20,13,76.5,1.37),
(2001,149,30,13,17,61.7,1.05),
(2001,150,30,19,14,71.7,0.94),
(2001,148,30,9,16,55.2,0.83),
(2001,103,21,18,18,74.2,1.04),
(2001,105,21,17,16,66.4,1.00),
(2001,102,21,13,18,60.1,0.99),
(2001,101,21,15,16,73.0,0.91),
(2001,104,21,12,17,63.1,0.87),
(2002,163,33,25,19,101.1,1.53),
(2002,161,33,19,15,104.2,1.37),
(2002,164,33,13,15,67.7,0.99),
(2002,162,33,11,15,45.1,0.65),
(2002,165,33,8,19,34.7,0.53),
(2002,175,35,16,14,70.5,1.16),
(2002,173,35,18,12,63.6,1.15),
(2002,172,35,17,16,86.2,1.13),
(2002,171,35,16,18,80.3,1.06),
(2002,174,35,16,16,59.1,0.97),
(2003,136,28,15,16,78.1,1.28),
(2003,140,28,15,16,64.0,0.94),
(2003,137,28,12,16,59.9,0.87),
(2003,138,28,16,18,58.0,0.82),
(2003,139,28,9,17,52.3,0.62),
(2003,177,36,25,16,104.5,1.77),
(2003,179,36,15,11,89.7,1.28),
(2003,176,36,14,14,63.3,1.13),
(2003,178,36,15,15,67.0,1.00),
(2003,180,36,14,11,53.8,0.87),
(2004,154,31,22,10,117.4,1.91),
(2004,155,31,17,12,77.8,1.39),
(2004,151,31,17,12,81.1,1.20),
(2004,153,31,14,10,66.0,1.13),
(2004,152,31,7,15,51.8,0.66),
(2004,116,24,15,15,83.6,1.25),
(2004,120,24,15,14,89.5,1.13),
(2004,119,24,13,15,66.5,0.91),
(2004,117,24,10,18,48.8,0.63),
(2004,118,24,5,16,42.9,0.51), 
(2005,159,32,12,17,68.3,1.01),
(2005,156,32,14,15,63.4,0.93),
(2005,160,32,11,18,59.4,0.83),
(2005,158,32,9,16,71.8,0.74),
(2005,157,32,10,15,53.5,0.63),
(2005,131,27,18,6,77.8,1.70),
(2005,133,27,16,13,88.3,1.47),
(2005,134,27,22,9,77.9,1.41),
(2005,135,27,16,15,95.0,1.34),
(2005,132,27,9,13,70.5,0.71),
(2006,122,25,25,13,102.3,1.70),
(2006,123,25,12,17,70.8,0.82),
(2006,125,25,12,18,60.0,0.77),
(2006,124,25,11,17,53.0,0.75),
(2006,121,25,12,16,47.4,0.75),
(2006,128,26,22,15,93.6,1.43),
(2006,130,26,18,13,85.9,1.42),
(2006,127,26,15,14,68.8,1.20),
(2006,129,26,14,14,66.0,0.85),
(2006,126,26,10,18,52.8,0.70),
(2007,143,29,25,7,131.8,2.03),
(2007,144,29,16,8,97.3,1.32),
(2007,142,29,16,10,95.7,1.28),
(2007,141,29,12,7,67.0,1.22),
(2007,145,29,8,9,46.2,1.03),
(2007,109,22,13,15,74.5,1.15),
(2007,107,22,9,16,54.7,0.78),
(2007,106,22,7,14,56.7,0.64),
(2007,110,22,6,16,42.1,0.61),
(2007,108,22,6,16,41.1,0.42),
(2008,170,34,21,10,64.2,1.35),
(2008,167,34,21,16,81.7,1.24),
(2008,166,34,22,21,82.7,1.23),
(2008,168,34,21,20,79.5,1.16),
(2008,169,34,13,15,60.6,0.87),
(2008,113,23,18,19,67.9,0.96),
(2008,112,23,18,19,59.8,0.91),
(2008,111,23,15,20,65.1,0.85),
(2008,114,23,18,23,62.0,0.78),
(2008,115,23,12,18,54.4,0.76),
(2009,138,28,18,11,102.5,1.64),
(2009,139,28,17,7,83.9,1.55),
(2009,140,28,14,13,80.4,1.23),
(2009,136,28,12,10,70.4,1.16),
(2009,137,28,11,10,55.3,1.00),
(2009,105,21,15,14,74.9,1.00),
(2009,103,21,11,16,84.0,0.94),
(2009,102,21,12,15,64.7,0.77),
(2009,104,21,8,13,33.9,0.62),
(2009,101,21,5,14,38.1,0.55),
(2010,150,30,18,10,94.4,1.38),
(2010,149,30,11,14,71.1,0.95),
(2010,147,30,8,12,46.6,0.72),
(2010,148,30,9,17,53.5,0.52),
(2010,146,30,6,15,29.5,0.49),
(2010,177,36,13,12,98.1,1.59),
(2010,180,36,15,7,76.4,1.29),
(2010,179,36,16,10,70.3,1.27),
(2010,176,36,13,13,66.1,1.19),
(2010,178,36,11,11,61.5,1.13),
(2011,161,33,23,15,91.4,1.55),
(2011,162,33,19,12,89.1,1.44),
(2011,164,33,20,13,85.6,1.16),
(2011,165,33,14,12,62.0,1.06),
(2011,163,33,16,16,84.8,0.90),
(2011,119,24,15,13,68.5,1.33),
(2011,116,24,15,18,60.4,1.00),
(2011,120,24,14,21,67.9,0.78),
(2011,118,24,11,18,68.0,0.78),
(2011,117,24,11,22,55.2,0.50),
(2012,123,25,11,14,84.3,1.38),
(2012,124,25,17,15,86.4,1.32),
(2012,121,25,6,14,44.2,0.63),
(2012,122,25,9,16,56.5,0.62),
(2012,125,25,6,16,42.6,0.50),
(2012,114,23,18,9,88.2,1.48),
(2012,115,23,17,9,94.2,1.48),
(2012,113,23,17,11,82.0,1.40),
(2012,111,23,14,9,83.9,1.07),
(2012,112,23,9,11,55.3,0.79),
(2013,154,31,20,17,98.1,1.41),
(2013,151,31,18,13,101.1,1.37),
(2013,155,31,7,13,40.3,0.75),
(2013,152,31,9,15,54.7,0.68),
(2013,153,31,12,16,46.1,0.63),
(2013,172,35,18,11,79.6,1.39),
(2013,173,35,16,15,63.9,1.26),
(2013,174,35,17,12,89.4,1.14),
(2013,171,35,15,15,76.0,1.13),
(2013,175,35,8,15,47.4,0.78),
(2014,158,32,19,11,130.1,1.92),
(2014,159,32,15,5,92.5,1.69),
(2014,156,32,17,8,95.1,1.64),
(2014,157,32,10,7,86.8,1.29),
(2014,160,32,6,8,53.0,0.80),
(2014,107,22,12,14,75.3,1.16),
(2014,108,22,11,13,65.8,0.95),
(2014,110,22,8,14,60.2,0.77),
(2014,106,22,4,13,47.3,0.44),
(2014,109,22,4,13,37.5,0.37),
(2015,169,34,25,16,129.3,1.61),
(2015,168,34,19,14,90.3,1.32),
(2015,170,34,12,15,66.3,0.93),
(2015,167,34,10,15,46.1,0.67),
(2015,166,34,6,14,45.4,0.59),
(2015,126,26,20,9,91.9,1.67),
(2015,130,26,17,16,85.5,1.22),
(2015,128,26,15,15,83.2,1.15),
(2015,129,26,14,13,56.6,0.98),
(2015,127,26,8,19,46.2,0.61),
(2016,145,29,18,17,82.3,1.04),
(2016,144,29,15,15,70.3,1.00),
(2016,142,29,12,17,62.5,0.92),
(2016,143,29,10,18,53.8,0.82),
(2016,141,29,8,15,47.7,0.63),
(2016,134,27,22,10,101.6,1.48),
(2016,135,27,16,13,79.4,1.31),
(2016,132,27,14,13,61.5,1.12),
(2016,131,27,19,12,82.1,1.04),
(2016,133,27,11,15,56.3,0.89),
(2017,136,28,18,8,102.2,1.88),
(2017,138,28,19,8,94.7,1.72),
(2017,137,28,18,7,84.2,1.56),
(2017,139,28,12,8,73.2,1.13),
(2017,140,28,12,10,73.8,0.99),
(2017,113,23,11,14,72.8,1.10),
(2017,112,23,10,16,61.8,0.96),
(2017,111,23,9,16,58.5,0.68),
(2017,115,23,7,17,35.6,0.56),
(2017,114,23,3,17,27.8,0.35),
(2018,162,33,22,11,74.6,1.54),
(2018,163,33,20,15,98.6,1.36),
(2018,161,33,14,15,65.0,1.08),
(2018,164,33,14,13,69.6,0.97),
(2018,165,33,10,16,64.8,0.89),
(2018,151,31,18,13,79.0,1.17),
(2018,154,31,16,18,75.4,1.11),
(2018,153,31,16,15,57.9,1.03),
(2018,152,31,13,17,59.0,0.76),
(2018,155,31,6,18,39.9,0.63),
(2019,168,34,19,8,95.2,1.67),
(2019,169,34,13,8,100.0,1.66),
(2019,167,34,13,10,85.7,1.30),
(2019,170,34,8,5,58.8,1.13),
(2019,166,34,9,8,67.9,0.98),
(2019,149,30,12,10,91.3,1.28),
(2019,148,30,9,13,66.9,0.80),
(2019,150,30,8,14,61.9,0.59),
(2019,147,30,6,12,49.5,0.58),
(2019,146,30,4,13,25.0,0.44),
(2020,144,29,20,14,94.9,1.28),
(2020,142,29,15,15,77.1,1.08),
(2020,141,29,14,14,66.6,0.79),
(2020,143,29,9,14,55.9,0.66),
(2020,145,29,8,16,45.0,0.54),
(2020,159,32,20,10,73.9,1.67),
(2020,156,32,17,14,90.8,1.37),
(2020,157,32,16,14,75.1,1.27),
(2020,158,32,14,16,87.2,1.15),
(2020,160,32,6,12,52.6,0.79),
(2021,180,36,17,5,117.7,2.24),
(2021,176,36,16,8,111.2,1.67),
(2021,179,36,11,6,87.6,1.42),
(2021,177,36,12,9,77.5,1.18),
(2021,178,36,8,8,67.5,1.01),
(2021,128,26,13,14,93.5,1.23),
(2021,130,26,7,13,51.4,0.63),
(2021,127,26,6,13,50.0,0.61),
(2021,129,26,5,12,28.8,0.58),
(2021,126,26,5,13,46.3,0.53),
(2022,177,36,18,11,127.2,2.02),
(2022,178,36,18,8,90.6,1.94),
(2022,180,36,11,5,61.0,1.46),
(2022,176,36,5,8,53.4,1.04),
(2022,179,36,5,7,45.0,0.87),
(2022,126,26,8,10,62.3,0.85),
(2022,130,26,10,12,70.7,0.77),
(2022,129,26,10,11,57.9,0.74),
(2022,127,26,5,11,48.8,0.57),
(2022,128,26,6,13,55.5,0.48),
(2023,123,25,18,13,96.3,1.64),
(2023,121,25,14,12,80.0,1.27),
(2023,125,25,14,12,69.8,1.15),
(2023,124,25,10,10,52.4,0.98),
(2023,122,25,9,7,43.1,0.90),
(2023,105,21,12,14,61.1,0.92),
(2023,103,21,11,12,59.9,0.88),
(2023,101,21,11,13,63.3,0.88),
(2023,102,21,10,14,65.7,0.79),
(2023,104,21,9,12,54.8,0.74),
(2024,125,25,20,7,110.2,1.92),
(2024,124,25,13,10,80.9,1.30),
(2024,123,25,13,9,76.9,1.30),
(2024,122,25,11,6,58.9,1.28),
(2024,121,25,11,13,67.6,1.16),
(2024,105,21,12,13,57.3,0.96),
(2024,101,21,10,14,60.0,0.76),
(2024,103,21,8,14,52.6,0.63),
(2024,102,21,8,13,57.7,0.63),
(2024,104,21,7,15,37.6,0.56),
(2025,174,35,19,11,96.1,1.75),
(2025,171,35,19,13,92.2,1.62),
(2025,175,35,15,12,84.9,1.16),
(2025,172,35,10,11,75.3,1.12),
(2025,173,35,12,14,56.1,0.94),
(2025,133,27,14,17,88.8,1.00),
(2025,134,27,14,14,76.5,0.94),
(2025,131,27,14,17,65.7,0.75),
(2025,135,27,9,15,52.5,0.70),
(2025,132,27,8,13,41.3,0.69),
(2026,172,35,17,8,112.7,2.10),
(2026,175,35,13,2,80.7,1.78),
(2026,173,35,15,7,119.9,1.77),
(2026,171,35,13,6,73.9,1.59),
(2026,174,35,9,3,58.7,1.13),
(2026,131,27,9,14,57.3,0.86),
(2026,135,27,7,10,45.3,0.80),
(2026,134,27,4,15,42.7,0.36),
(2026,133,27,4,14,48.9,0.35),
(2026,132,27,2,14,32.7,0.30),
(2027,118,24,17,11,75.6,1.60),
(2027,116,24,16,9,91.3,1.48),
(2027,117,24,14,10,68.6,1.11),
(2027,120,24,12,12,65.5,0.93),
(2027,119,24,14,15,79.2,0.90),
(2027,106,22,16,11,89.5,1.32),
(2027,110,22,13,14,84.7,1.08),
(2027,108,22,13,16,74.8,0.91),
(2027,109,22,10,16,53.5,0.65),
(2027,107,22,5,16,46.1,0.43),
(2028,117,24,22,11,105.0,1.89),
(2028,119,24,15,13,69.4,1.27),
(2028,120,24,17,13,79.5,1.08),
(2028,116,24,9,12,65.8,0.90),
(2028,118,24,10,12,53.1,0.81),
(2028,106,22,17,15,78.6,1.12),
(2028,107,22,15,17,83.6,1.04),
(2028,110,22,12,12,62.1,1.04),
(2028,109,22,10,13,58.4,0.72),
(2028,108,22,7,16,43.6,0.56),
(2029,130,26,13,14,75.9,1.02),
(2029,128,26,11,11,55.3,0.93),
(2029,127,26,11,14,69.2,0.88),
(2029,129,26,9,13,53.7,0.85),
(2029,126,26,6,17,68.7,0.50),
(2029,159,32,23,8,104.6,1.84),
(2029,157,32,15,11,77.5,1.48),
(2029,160,32,14,10,88.0,1.45),
(2029,156,32,8,11,60.9,0.94),
(2029,158,32,9,10,62.6,0.90),
(2030,128,26,10,16,72.4,1.08),
(2030,127,26,9,15,57.1,0.85),
(2030,129,26,10,15,57.8,0.78),
(2030,130,26,8,16,55.6,0.68),
(2030,126,26,5,17,43.9,0.62),
(2030,160,32,20,5,118.3,1.85),
(2030,157,32,15,9,92.2,1.33),
(2030,159,32,17,9,81.6,1.33),
(2030,158,32,16,10,84.6,1.22),
(2030,156,32,11,9,69.2,0.95),
(2031,161,33,21,18,82.8,1.28),
(2031,163,33,21,19,82.2,1.28),
(2031,165,33,20,16,78.6,1.12),
(2031,164,33,17,13,65.4,1.12),
(2031,162,33,14,18,47.8,0.80),
(2031,139,28,18,19,70.0,1.09),
(2031,137,28,17,15,58.2,1.02),
(2031,138,28,22,22,73.5,0.97),
(2031,136,28,14,17,68.4,0.93),
(2031,140,28,12,21,71.3,0.78),
(2032,163,33,22,12,128.6,1.94),
(2032,161,33,14,7,82.7,1.63),
(2032,164,33,11,9,64.8,1.39),
(2032,165,33,12,8,64.1,1.13),
(2032,162,33,9,11,52.8,1.09),
(2032,136,28,13,14,78.5,0.97),
(2032,138,28,13,13,72.6,0.83),
(2032,137,28,11,13,65.0,0.79),
(2032,139,28,4,12,43.4,0.61),
(2032,140,28,6,16,54.6,0.46),
(2033,132,27,15,6,86.8,1.86),
(2033,134,27,17,7,109.5,1.73),
(2033,133,27,15,9,101.9,1.63),
(2033,135,27,14,8,84.2,1.30),
(2033,131,27,10,10,78.4,1.09),
(2033,169,34,9,14,66.4,0.83),
(2033,170,34,11,13,54.6,0.76),
(2033,168,34,8,13,54.6,0.70),
(2033,166,34,9,16,72.6,0.59),
(2033,167,34,3,15,33.4,0.43),
(2034,131,27,22,15,100.1,1.31),
(2034,134,27,19,17,97.8,1.20),
(2034,135,27,18,18,77.4,1.09),
(2034,133,27,13,19,57.5,0.81),
(2034,132,27,5,18,46.7,0.45),
(2034,169,34,23,16,114.0,1.63),
(2034,166,34,20,13,79.7,1.48),
(2034,168,34,19,15,78.8,1.18),
(2034,170,34,14,15,71.2,1.00),
(2034,167,34,10,18,58.4,0.69),
(2035,133,27,21,15,98.2,1.50),
(2035,134,27,18,16,73.4,1.19),
(2035,131,27,10,18,63.6,0.76),
(2035,135,27,7,18,47.3,0.60),
(2035,132,27,8,17,40.8,0.59),
(2035,166,34,23,15,112.4,1.64),
(2035,169,34,19,11,74.8,1.29),
(2035,167,34,14,13,73.1,1.15),
(2035,170,34,13,14,49.1,0.96),
(2035,168,34,14,12,84.5,0.96),
(2036,113,23,15,8,80.3,1.47),
(2036,112,23,12,7,72.0,1.44),
(2036,114,23,13,15,72.7,1.06),
(2036,111,23,16,10,67.0,1.05),
(2036,115,23,11,10,57.7,0.97),
(2036,144,29,10,11,64.4,1.08),
(2036,145,29,13,13,66.8,0.91),
(2036,143,29,13,16,62.7,0.84),
(2036,141,29,10,13,48.1,0.73),
(2036,142,29,4,14,35.2,0.50),
(2037,111,23,27,19,71.1,1.32),
(2037,112,23,30,27,96.7,1.18),
(2037,114,23,23,30,62.3,0.85),
(2037,113,23,17,22,60.3,0.84),
(2037,115,23,20,25,60.9,0.76),
(2037,143,29,39,25,112.2,1.96),
(2037,144,29,21,25,71.0,1.14),
(2037,145,29,22,21,65.6,0.98),
(2037,141,29,20,22,54.3,0.88),
(2037,142,29,19,25,61.3,0.84),
(2038,113,23,15,11,92.7,1.30),
(2038,111,23,7,9,78.1,0.90),
(2038,115,23,10,14,56.0,0.81),
(2038,112,23,9,10,40.6,0.68),
(2038,114,23,9,13,53.8,0.65),
(2038,144,29,13,9,77.9,1.56),
(2038,143,29,12,8,72.2,1.43),
(2038,141,29,14,11,93.1,1.24),
(2038,145,29,9,11,52.3,1.19),
(2038,142,29,9,12,51.4,0.89),
(2039,146,30,19,13,82.5,1.55),
(2039,148,30,19,13,100.9,1.41),
(2039,149,30,16,11,76.5,1.35),
(2039,150,30,22,13,89.1,1.19),
(2039,147,30,7,11,60.2,0.88),
(2039,118,24,16,18,77.5,1.11),
(2039,119,24,14,14,71.5,1.05),
(2039,117,24,12,17,54.5,0.86),
(2039,120,24,11,17,61.9,0.76),
(2039,116,24,7,18,54.4,0.60),
(2040,150,30,27,16,88.1,1.47),
(2040,146,30,23,17,95.5,1.28),
(2040,148,30,20,17,69.6,1.25),
(2040,149,30,20,18,82.0,1.10),
(2040,147,30,16,15,64.6,0.86),
(2040,119,24,18,21,74.3,1.11),
(2040,117,24,23,20,80.5,1.10),
(2040,120,24,18,21,65.2,0.91),
(2040,118,24,12,23,57.6,0.84),
(2040,116,24,12,21,59.3,0.75),
(2041,153,31,26,17,86.4,1.41),
(2041,154,31,23,21,78.4,1.28),
(2041,151,31,20,17,69.8,1.01),
(2041,152,31,17,19,72.0,0.99),
(2041,155,31,18,19,66.7,0.93),
(2041,121,25,28,22,93.7,1.44),
(2041,122,25,15,16,48.1,1.07),
(2041,125,25,16,20,62.1,0.86),
(2041,123,25,16,26,75.1,0.85),
(2041,124,25,17,21,55.3,0.69),
(2042,151,31,19,9,71.1,1.33),
(2042,152,31,23,15,89.3,1.31),
(2042,154,31,21,18,77.8,1.09),
(2042,153,31,14,20,67.8,0.89),
(2042,155,31,10,18,48.8,0.65),
(2042,123,25,21,18,93.0,1.31),
(2042,125,25,21,17,80.8,1.05),
(2042,124,25,17,19,63.4,0.87),
(2042,122,25,13,14,47.7,0.79),
(2042,121,25,8,20,46.6,0.71),
(2043,129,26,15,11,66.1,1.00),
(2043,126,26,15,13,73.4,0.98),
(2043,130,26,9,15,79.1,0.78),
(2043,127,26,13,15,67.6,0.74),
(2043,128,26,10,14,62.7,0.71),
(2043,144,29,22,13,108.9,2.19),
(2043,143,29,17,11,84.1,1.53),
(2043,141,29,14,11,76.1,1.48),
(2043,142,29,9,14,59.2,0.80),
(2043,145,29,5,14,44.6,0.68),
(2044,126,26,18,15,103.2,1.40),
(2044,127,26,14,11,69.8,1.35),
(2044,129,26,18,11,69.2,1.24),
(2044,130,26,15,11,88.5,1.24),
(2044,128,26,10,13,54.8,0.78),
(2044,143,29,15,12,74.4,1.53),
(2044,141,29,15,13,86.3,1.13),
(2044,144,29,12,17,76.2,0.87),
(2044,145,29,14,18,69.8,0.85),
(2044,142,29,4,17,44.6,0.38),
(2045,127,26,20,17,80.3,1.25),
(2045,129,26,17,12,74.2,1.21),
(2045,130,26,13,15,62.7,0.90),
(2045,126,26,10,15,56.9,0.81),
(2045,128,26,10,18,54.0,0.63),
(2045,142,29,17,12,61.0,1.36),
(2045,141,29,14,12,67.3,1.18),
(2045,144,29,17,13,77.3,1.07),
(2045,145,29,15,17,67.7,0.94),
(2045,146,29,11,16,82.9,0.85),
(2046,133,27,12,14,60.3,1.05),
(2046,135,27,13,16,68.9,0.98),
(2046,131,27,15,16,77.1,0.97),
(2046,134,27,9,17,68.3,0.66),
(2046,132,27,8,16,45.3,0.64),
(2046,148,30,22,12,94.5,1.62),
(2046,150,30,15,8,82.7,1.43),
(2046,147,30,15,10,67.1,1.36),
(2046,149,30,18,11,80.0,1.23),
(2046,146,30,9,16,67.0,0.58),
(2047,135,27,17,13,81.2,1.36),
(2047,131,27,10,14,58.4,0.83),
(2047,133,27,6,15,74.6,0.75),
(2047,132,27,8,14,46.4,0.50),
(2047,134,27,6,15,39.7,0.47),
(2047,149,30,20,7,103.1,1.77),
(2047,147,30,14,12,95.1,1.28),
(2047,146,30,15,12,99.6,1.24),
(2047,148,30,10,9,66.9,1.22),
(2047,150,30,12,7,57.9,1.06),
(2048,152,31,15,13,71.1,1.26),
(2048,153,31,15,12,73.4,1.14),
(2048,151,31,13,10,61.2,1.12),
(2048,155,31,12,10,62.5,1.05),
(2048,154,31,8,16,54.7,0.65),
(2048,139,28,16,13,77.7,1.27),
(2048,136,28,15,13,77.9,1.14),
(2048,137,28,14,11,62.4,1.00),
(2048,138,28,11,16,63.2,0.72),
(2048,140,28,5,14,32.4,0.46),
(2049,152,31,12,16,81.9,1.03),
(2049,151,31,12,11,55.7,0.98),
(2049,154,31,10,11,64.7,0.78),
(2049,153,31,8,15,50.3,0.64),
(2049,155,31,5,13,37.4,0.49),
(2049,136,28,21,8,97.4,2.19),
(2049,138,28,16,8,102.4,1.72),
(2049,137,28,10,10,69.5,0.98),
(2049,139,28,12,10,77.1,0.93),
(2049,140,28,7,11,45.3,0.68),
(2050,153,31,28,27,88.7,1.38),
(2050,151,31,26,19,71.8,1.16),
(2050,154,31,26,27,81.3,1.11),
(2050,152,31,25,25,75.4,1.10),
(2050,155,31,18,20,55.5,0.86),
(2050,136,28,27,22,92.9,1.28),
(2050,137,28,33,25,84.0,1.15),
(2050,139,28,25,27,76.0,1.01),
(2050,138,28,17,23,54.3,0.83),
(2050,140,28,15,26,53.3,0.70),
(2051,196,40,17,15,64.8,1.17),
(2051,197,40,17,16,75.1,0.98),
(2051,198,40,14,15,62.5,0.87),
(2051,199,40,13,16,71.4,0.78),
(2051,200,40,10,17,65.5,0.74),
(2051,159,32,19,16,80.3,1.51),
(2051,157,32,20,13,78.4,1.29),
(2051,156,32,18,14,77.0,1.14),
(2051,160,32,11,15,69.6,0.96),
(2051,158,32,10,14,71.3,0.92),
(2052,211,43,13,16,78.3,1.09),
(2052,213,43,9,14,76.5,1.00),
(2052,215,43,11,15,76.3,0.87),
(2052,212,43,8,15,35.2,0.45),
(2052,214,43,8,16,34.8,0.44),
(2052,169,34,16,6,92.6,1.72),
(2052,170,34,15,8,86.9,1.63),
(2052,166,34,18,11,82.8,1.62),
(2052,168,34,15,11,81.8,1.37),
(2052,167,34,10,13,80.1,0.79),
(2053,155,31,20,16,129.1,1.85),
(2053,153,31,13,15,76.1,1.05),
(2053,154,31,12,16,60.8,0.88),
(2053,151,31,5,15,33.3,0.53),
(2053,152,31,4,16,32.5,0.38),
(2053,194,39,17,8,84.2,1.50),
(2053,191,39,17,11,100.6,1.49),
(2053,192,39,15,13,93.8,1.38),
(2053,195,39,16,11,83.4,1.36),
(2053,193,39,13,13,81.8,1.04),
(2054,205,41,20,17,87.7,1.20),
(2054,203,41,17,21,108.4,1.15),
(2054,204,41,20,13,63.0,1.14),
(2054,202,41,14,12,76.3,0.97),
(2054,201,41,12,15,58.1,0.83),
(2054,141,29,20,13,86.8,1.49),
(2054,143,29,14,15,61.2,1.13),
(2054,145,29,17,20,73.9,1.07),
(2054,142,29,14,19,75.6,0.98),
(2054,144,29,13,16,72.0,0.86),
(2055,187,38,23,11,117.7,2.12),
(2055,189,38,19,8,87.3,1.70),
(2055,186,38,10,8,55.3,1.05),
(2055,188,38,10,11,67.8,0.91),
(2055,190,38,7,13,55.5,0.76),
(2055,171,35,11,14,77.3,1.01),
(2055,172,35,12,14,67.7,0.92),
(2055,173,35,10,14,60.7,0.84),
(2055,174,35,9,15,54.3,0.76),
(2055,175,35,8,13,41.9,0.65),
(2056,216,44,20,4,117.9,2.33),
(2056,217,44,15,4,101.3,1.96),
(2056,219,44,12,6,74.9,1.36),
(2056,220,44,12,9,86.0,1.22),
(2056,218,44,8,6,61.5,0.99),
(2056,179,36,10,13,80.3,0.98),
(2056,180,36,9,14,71.1,0.78),
(2056,177,36,5,13,40.7,0.54),
(2056,178,36,3,13,25.5,0.38),
(2056,176,36,2,14,21.1,0.30),
(2057,208,42,17,16,89.0,1.37),
(2057,209,42,12,14,64.8,1.04),
(2057,210,42,11,13,64.8,0.92),
(2057,207,42,9,15,60.0,0.80),
(2057,206,42,6,17,38.3,0.46),
(2057,163,33,17,12,95.4,1.39),
(2057,165,33,17,10,88.1,1.31),
(2057,161,33,14,12,83.5,1.30),
(2057,162,33,11,11,59.5,1.11),
(2057,164,33,16,10,67.1,1.06),
(2058,183,37,11,12,72.8,0.94),
(2058,182,37,12,14,68.9,0.89),
(2058,185,37,11,15,64.1,0.83),
(2058,184,37,11,15,62.2,0.80),
(2058,181,37,6,13,39.8,0.48),
(2058,150,30,22,9,111.4,2.29),
(2058,148,30,14,12,97.6,1.30),
(2058,147,30,12,10,71.9,1.23),
(2058,146,30,12,12,79.7,1.21),
(2058,149,30,7,8,53.4,0.94),
(2059,159,32,20,11,95.1,1.71),
(2059,160,32,18,12,88.0,1.42),
(2059,157,32,20,11,73.2,1.41),
(2059,156,32,16,13,88.3,1.02),
(2059,158,32,7,13,53.7,0.59),
(2059,192,39,16,17,78.1,1.32),
(2059,191,39,16,15,65.0,1.15),
(2059,193,39,11,14,64.3,0.94),
(2059,194,39,12,18,63.0,0.71),
(2059,195,39,5,20,38.6,0.34),
(2060,179,36,16,13,82.0,1.20),
(2060,176,36,15,13,96.0,1.15),
(2060,178,36,14,15,84.5,0.99),
(2060,180,36,11,13,44.0,0.64),
(2060,177,36,7,17,56.9,0.54),
(2060,215,43,16,13,94.6,1.62),
(2060,214,43,13,13,80.8,1.32),
(2060,212,43,14,12,77.5,1.29),
(2060,211,43,13,13,69.9,1.24),
(2060,213,43,14,13,63.5,1.05),
(2061,217,44,26,15,119.0,1.99),
(2061,216,44,20,12,78.2,1.44),
(2061,220,44,16,15,73.3,1.10),
(2061,218,44,9,12,56.1,0.77),
(2061,219,44,14,17,65.9,0.73),
(2061,149,30,20,17,82.0,1.13),
(2061,147,30,13,17,74.4,1.05),
(2061,148,30,13,15,66.5,0.97),
(2061,150,30,15,17,75.3,0.88),
(2061,146,30,10,19,42.3,0.49),
(2062,172,35,15,18,86.6,1.38),
(2062,171,35,19,17,79.4,1.09),
(2062,173,35,19,18,75.2,1.07),
(2062,174,35,17,19,71.7,0.98),
(2062,175,35,7,15,41.6,0.69),
(2062,196,40,29,17,109.9,1.53),
(2062,198,40,23,12,95.3,1.41),
(2062,200,40,14,18,85.2,0.92),
(2062,199,40,11,15,53.4,0.82),
(2062,197,40,10,16,52.4,0.67),
(2063,201,41,19,16,78.7,1.38),
(2063,202,41,16,15,67.3,1.06),
(2063,204,41,18,15,70.1,1.05),
(2063,203,41,13,17,80.0,0.90),
(2063,205,41,12,16,64.5,0.89),
(2063,184,37,23,15,113.3,1.70),
(2063,183,37,19,13,70.6,1.52),
(2063,181,37,14,15,80.9,0.93),
(2063,185,37,11,16,54.8,0.78),
(2063,182,37,11,19,55.6,0.63),
(2064,187,38,18,14,72.1,1.36),
(2064,189,38,15,14,77.7,1.06),
(2064,186,38,13,18,60.9,0.82),
(2064,188,38,9,16,58.8,0.75),
(2064,190,38,10,18,54.9,0.66),
(2064,144,29,20,13,91.3,1.74),
(2064,145,29,24,14,90.4,1.53),
(2064,143,29,17,11,82.0,1.38),
(2064,142,29,14,18,68.7,0.78),
(2064,141,29,5,9,44.1,0.71),
(2065,153,31,20,5,119.2,2.58),
(2065,154,31,18,9,97.5,1.70),
(2065,152,31,12,7,90.3,1.66),
(2065,151,31,9,6,62.0,0.85),
(2065,155,31,3,9,27.2,0.75),
(2065,210,42,11,11,68.6,0.87),
(2065,209,42,8,13,78.4,0.81),
(2065,208,42,6,13,66.6,0.74),
(2065,206,42,7,12,47.4,0.51),
(2065,207,42,3,13,27.9,0.40),
(2066,167,34,18,17,79.2,1.20),
(2066,170,34,18,17,86.0,1.11),
(2066,166,34,15,15,69.2,1.10),
(2066,168,34,14,14,66.5,0.87),
(2066,169,34,10,19,69.8,0.74),
(2066,164,33,19,11,77.2,1.48),
(2066,162,33,20,15,74.7,1.38),
(2066,163,33,14,19,73.2,0.98),
(2066,161,33,15,15,72.2,0.92),
(2066,165,33,13,15,60.2,0.87),
(2067,204,41,7,13,53.8,0.89),
(2067,201,41,9,13,55.7,0.75),
(2067,205,41,9,13,58.9,0.66),
(2067,203,41,7,14,55.4,0.60),
(2067,202,41,7,14,45.9,0.51),
(2067,215,43,15,6,92.8,1.76),
(2067,213,43,14,9,97.5,1.60),
(2067,211,43,13,7,78.7,1.49),
(2067,212,43,13,7,76.9,1.38),
(2067,214,43,12,10,84.8,1.34),
(2068,173,35,18,15,101.7,1.31),
(2068,171,35,16,14,65.9,1.09),
(2068,174,35,18,11,63.5,1.06),
(2068,172,35,14,17,63.8,1.01),
(2068,175,35,15,15,69.3,0.97),
(2068,192,39,20,17,80.3,1.45),
(2068,194,39,22,14,75.1,1.14),
(2068,191,39,9,16,50.6,0.84),
(2068,193,39,11,17,69.2,0.81),
(2069,169,34,17,13,71.3,1.16),
(2069,170,34,14,17,75.6,1.08),
(2069,166,34,17,18,74.9,1.07),
(2069,168,34,17,19,83.3,0.93),
(2069,167,34,11,17,54.3,0.80),
(2069,149,30,20,13,90.0,1.53),
(2069,147,30,19,14,81.5,1.32),
(2069,148,30,15,14,64.9,1.20),
(2069,150,30,15,15,79.3,0.92),
(2069,146,30,15,20,71.7,0.89),
(2070,154,31,22,13,89.2,1.49),
(2070,152,31,14,15,65.3,1.13),
(2070,155,31,14,12,63.4,0.98),
(2070,151,31,12,11,57.4,0.92),
(2070,153,31,10,16,51.8,0.82),
(2070,189,38,16,10,64.9,1.18),
(2070,188,38,19,16,84.0,1.02),
(2070,186,38,9,13,45.4,0.96),
(2070,187,38,12,18,69.0,0.87),
(2070,190,38,10,15,53.3,0.81), 
(2071,179,36,10,11,60.2,1.04),
(2071,176,36,9,14,60.8,0.91),
(2071,180,36,10,15,69.6,0.90),
(2071,177,36,8,14,42.1,0.67),
(2071,178,36,6,15,41.8,0.55),
(2071,199,40,15,8,93.6,1.63),
(2071,198,40,18,11,98.5,1.39),
(2071,197,40,12,6,60.7,1.21),
(2071,200,40,11,8,74.3,1.21),
(2071,196,40,13,10,71.2,1.17),
(2072,180,36,20,13,86.3,1.37),
(2072,179,36,19,15,86.5,1.23),
(2072,176,36,12,13,51.6,0.89),
(2072,178,36,14,17,60.1,0.78),
(2072,177,36,8,17,41.4,0.53),
(2072,197,40,20,15,85.8,1.31),
(2072,196,40,20,14,75.8,1.06),
(2072,200,40,14,16,62.8,1.06),
(2072,199,40,13,14,54.8,0.93),
(2072,198,40,8,14,57.5,0.78),
(2073,144,29,31,18,108.6,1.37),
(2073,142,29,18,16,70.4,1.33),
(2073,143,29,22,15,83.4,1.20),
(2073,145,29,20,16,79.5,1.12),
(2073,141,29,17,14,65.6,1.06),
(2073,157,32,18,21,63.8,1.09),
(2073,159,32,18,21,78.9,0.95),
(2073,158,32,17,23,75.4,0.93),
(2073,156,32,14,20,61.9,0.93),
(2073,160,32,12,23,49.0,0.66),
(2074,144,29,23,17,87.6,1.39),
(2074,145,29,21,15,79.4,1.35),
(2074,143,29,22,16,83.9,1.32),
(2074,141,29,16,11,53.5,0.98),
(2074,142,29,11,16,50.9,0.68),
(2074,160,32,19,17,75.6,1.26),
(2074,157,32,16,16,60.9,0.92),
(2074,159,32,16,21,61.9,0.87),
(2074,158,32,13,22,57.9,0.84),
(2074,156,32,11,17,48.5,0.74),
(2075,182,37,19,14,122.1,1.69),
(2075,183,37,13,15,92.6,1.09),
(2075,181,37,7,15,46.0,0.74),
(2075,184,37,9,15,55.3,0.67),
(2075,185,37,6,15,16.4,0.46),
(2075,208,42,25,12,151.8,2.22),
(2075,209,42,15,7,91.7,1.29),
(2075,210,42,13,12,70.7,1.19),
(2075,206,42,13,12,61.2,0.96),
(2075,207,42,8,12,44.9,0.75),
(2076,181,37,29,23,90.6,1.22),
(2076,184,37,29,22,91.7,1.20),
(2076,183,37,21,21,57.0,0.94),
(2076,182,37,20,20,55.9,0.88),
(2076,185,37,20,26,67.2,0.84),
(2076,210,42,32,22,83.6,1.39),
(2076,206,42,27,23,74.1,1.20),
(2076,208,42,23,23,61.6,1.06),
(2076,209,42,18,24,70.6,1.06),
(2076,207,42,11,27,50.6,0.56),
(2077,217,44,24,10,119.3,2.08),
(2077,216,44,17,11,95.5,1.48),
(2077,218,44,11,11,60.0,1.17),
(2077,220,44,11,11,75.3,1.02),
(2077,219,44,6,14,46.7,0.64),
(2077,164,33,17,12,97.1,1.24),
(2077,165,33,12,13,61.3,0.89),
(2077,161,33,11,15,54.5,0.87),
(2077,162,33,10,14,53.5,0.63),
(2077,163,33,7,15,62.3,0.63),
(2078,219,44,21,15,110.3,1.70),
(2078,216,44,18,13,76.7,1.28),
(2078,217,44,14,11,76.7,1.20),
(2078,218,44,12,15,59.0,1.10),
(2078,220,44,13,14,82.8,1.01),
(2078,164,33,13,12,74.0,1.20),
(2078,161,33,13,16,70.9,0.94),
(2078,165,33,16,17,77.8,0.86),
(2078,162,33,12,16,67.0,0.81),
(2078,163,33,12,17,54.0,0.80),
(2079,167,34,19,16,82.5,1.25),
(2079,166,34,17,17,94.1,1.22),
(2079,170,34,12,17,65.5,1.01),
(2079,169,34,12,15,50.1,0.79),
(2079,168,34,11,14,45.7,0.77),
(2079,202,41,20,13,84.2,1.29),
(2079,201,41,16,11,79.5,1.21),
(2079,204,41,14,13,61.8,1.10),
(2079,205,41,18,19,82.6,1.02),
(2079,203,41,11,16,57.9,0.66),
(2080,168,34,13,15,72.2,0.99),
(2080,170,34,12,14,63.8,0.95),
(2080,167,34,12,17,64.5,0.75),
(2080,166,34,7,16,42.0,0.61),
(2080,169,34,6,18,60.0,0.56),
(2080,205,41,25,9,103.6,1.64),
(2080,202,41,15,7,70.3,1.43),
(2080,201,41,13,13,98.3,1.29),
(2080,203,41,16,14,77.9,1.18),
(2080,204,41,11,7,51.3,1.13),
(2081,153,31,27,24,80.0,1.46),
(2081,155,31,26,28,90.5,1.24),
(2081,154,31,23,24,69.3,1.08),
(2081,151,31,20,21,56.3,0.99),
(2081,152,31,22,25,64.6,0.95),
(2081,156,32,31,19,97.7,1.22),
(2081,157,32,26,22,64.7,1.15),
(2081,159,32,23,28,70.6,0.94),
(2081,160,32,18,23,63.9,0.92),
(2081,158,32,23,26,81.6,0.90),
(2082,153,31,29,16,98.2,1.94),
(2082,155,31,21,16,67.7,1.30),
(2082,151,31,22,19,85.5,1.04),
(2082,152,31,13,20,56.8,0.96),
(2082,154,31,15,20,66.0,0.95),
(2082,157,32,24,21,95.4,1.30),
(2082,156,32,24,18,84.4,1.24),
(2082,158,32,16,20,75.3,0.80),
(2082,160,32,15,19,57.2,0.74),
(2082,159,32,12,22,46.8,0.63),
(2083,187,38,22,14,93.3,1.20),
(2083,186,38,22,17,102.1,1.18),
(2083,188,38,16,13,70.2,1.09),
(2083,189,38,14,15,66.9,0.88),
(2083,190,38,8,12,36.3,0.80),
(2083,198,40,21,15,80.6,1.47),
(2083,196,40,16,17,72.7,1.18),
(2083,199,40,13,15,54.8,0.95),
(2083,200,40,11,16,52.6,0.80),
(2083,197,40,9,19,58.5,0.75),
(2084,186,38,19,16,91.1,1.36),
(2084,189,38,14,15,76.9,0.96),
(2084,190,38,9,14,54.6,0.70),
(2084,187,38,10,18,48.0,0.60),
(2084,188,38,7,16,39.9,0.45),
(2084,196,40,20,14,110.0,1.67),
(2084,200,40,18,11,89.7,1.59),
(2084,199,40,19,11,74.3,1.43),
(2084,198,40,11,11,62.6,1.11),
(2084,197,40,11,12,48.1,0.95),
(2085,187,38,18,15,83.9,1.35),
(2085,189,38,14,16,73.4,1.14),
(2085,188,38,17,14,64.1,1.06),
(2085,190,38,13,14,66.5,0.88),
(2085,186,38,12,20,65.3,0.66),
(2085,200,40,17,15,85.1,1.36),
(2085,198,40,17,12,68.9,1.13),
(2085,197,40,19,17,72.4,1.01),
(2085,199,40,14,15,74.6,0.98),
(2085,196,40,12,16,48.0,0.82),
(2086,150,30,20,16,87.8,1.33),
(2086,148,30,19,16,82.5,1.31),
(2086,149,30,18,18,77.1,1.13),
(2086,146,30,11,19,66.2,0.90),
(2086,147,30,11,18,49.5,0.64),
(2086,171,35,20,14,80.1,1.39),
(2086,173,35,20,16,87.3,1.16),
(2086,174,35,16,16,70.2,1.05),
(2086,175,35,15,16,77.5,0.90),
(2086,172,35,16,17,64.9,0.87),
(2087,148,30,13,11,85.4,1.24),
(2087,149,30,8,13,76.0,0.96),
(2087,147,30,9,14,63.3,0.68),
(2087,146,30,7,12,44.5,0.66),
(2087,150,30,5,14,33.2,0.40),
(2087,174,35,17,5,105.8,2.08),
(2087,175,35,12,9,80.4,1.54),
(2087,171,35,14,7,89.9,1.30),
(2087,173,35,11,8,70.9,1.28),
(2087,172,35,10,13,86.5,1.15),
(2088,149,30,23,15,101.4,1.42),
(2088,150,30,18,15,80.0,1.24),
(2088,146,30,16,10,59.4,1.13),
(2088,148,30,15,14,58.1,0.83),
(2088,147,30,10,14,59.6,0.66),
(2088,175,35,15,15,69.5,1.21),
(2088,174,35,16,15,72.3,1.19),
(2088,171,35,12,17,60.1,0.87),
(2088,173,35,15,17,69.7,0.84),
(2088,172,35,10,18,52.3,0.81),
(2089,209,42,17,14,82.1,1.31),
(2089,206,42,15,14,68.6,1.09),
(2089,210,42,17,16,78.2,1.03),
(2089,208,42,12,16,62.3,0.66),
(2089,207,42,5,18,46.9,0.50),
(2089,194,39,18,9,79.7,1.49),
(2089,193,39,22,11,89.2,1.45),
(2089,191,39,16,19,92.1,1.31),
(2089,192,39,13,15,69.4,1.19),
(2089,195,39,9,13,60.0,0.67),
(2090,206,42,19,6,99.7,1.98),
(2090,209,42,20,9,115.6,1.67),
(2090,210,42,20,9,91.6,1.44),
(2090,207,42,9,12,79.4,0.92),
(2090,208,42,8,11,48.3,0.73),
(2090,194,39,18,15,112.3,1.57),
(2090,191,39,12,15,60.5,0.95),
(2090,192,39,9,14,72.6,0.93),
(2090,195,39,5,17,43.4,0.49),
(2090,193,39,3,16,31.1,0.32),
(2091,206,42,29,16,81.7,1.29),
(2091,208,42,25,19,76.9,1.25),
(2091,210,42,20,18,77.8,1.13),
(2091,207,42,16,17,63.8,1.05),
(2091,209,42,15,21,71.2,0.96),
(2091,193,39,25,19,84.4,1.40),
(2091,191,39,21,18,83.4,1.29),
(2091,194,39,19,21,73.3,0.93),
(2091,192,39,13,22,53.1,0.88),
(2091,195,39,13,25,45.8,0.59),
(2092,164,33,10,11,70.2,1.00),
(2092,163,33,9,14,77.6,0.86),
(2092,162,33,10,11,56.3,0.83),
(2092,165,33,9,14,66.4,0.78),
(2092,161,33,6,14,47.8,0.41),
(2092,213,43,17,7,106.2,2.02),
(2092,212,43,14,8,80.9,1.50),
(2092,214,43,12,11,91.6,1.49),
(2092,215,43,12,9,70.2,1.26),
(2092,211,43,9,9,59.5,1.00),
(2093,161,33,25,12,107.1,2.00),
(2093,163,33,17,15,82.4,1.29),
(2093,162,33,15,17,72.5,1.03),
(2093,164,33,10,12,47.4,0.96),
(2093,165,33,10,16,56.0,0.84),
(2093,212,43,19,16,98.2,1.36),
(2093,213,43,18,15,81.2,1.16),
(2093,211,43,14,12,64.1,0.91),
(2093,214,43,12,17,63.8,0.75),
(2093,215,43,8,17,52.6,0.60),
(2094,163,33,27,12,127.0,2.06),
(2094,165,33,19,9,94.4,1.72),
(2094,161,33,13,12,80.7,1.10),
(2094,164,33,11,9,51.4,0.98),
(2094,162,33,9,10,43.3,0.87),
(2094,213,43,12,15,70.0,0.92),
(2094,214,43,11,15,52.3,0.84),
(2094,211,43,11,16,64.7,0.76),
(2094,215,43,8,17,59.2,0.74),
(2094,212,43,10,16,54.5,0.74),
(2095,205,41,19,17,82.5,1.39),
(2095,202,41,15,13,55.1,0.99),
(2095,203,41,16,19,88.3,0.96),
(2095,204,41,11,15,55.8,0.85),
(2095,201,41,8,15,39.8,0.53),
(2095,172,35,23,17,110.1,1.47),
(2095,174,35,17,10,71.0,1.40),
(2095,173,35,13,13,55.2,1.08),
(2095,171,35,14,14,53.9,0.83),
(2095,175,35,12,17,55.8,0.76),
(2096,204,41,13,8,78.2,1.86),
(2096,205,41,20,13,117.2,1.65),
(2096,203,41,14,13,89.6,1.39),
(2096,201,41,12,6,66.3,1.22),
(2096,202,41,10,8,59.9,0.98),
(2096,172,35,12,14,82.2,0.96),
(2096,171,35,8,13,64.6,0.78),
(2096,173,35,8,15,56.2,0.68),
(2096,175,35,8,12,38.1,0.65),
(2096,174,35,12,15,66.1,0.63),
(2097,201,41,22,9,115.8,1.95),
(2097,205,41,16,14,84.6,1.22),
(2097,202,41,13,10,67.2,1.09),
(2097,203,41,14,13,79.7,1.05),
(2097,204,41,11,14,60.5,0.78),
(2097,173,35,14,13,72.4,1.19),
(2097,174,35,13,14,63.0,0.95),
(2097,172,35,13,18,67.7,0.94),
(2097,171,35,11,17,66.4,0.80),
(2097,175,35,9,14,62.0,0.77),
(2098,206,42,24,9,112.8,1.78),
(2098,207,42,12,10,73.2,1.50),
(2098,208,42,17,13,87.4,1.28),
(2098,210,42,13,11,69.0,1.10),
(2098,209,42,8,11,48.9,0.76),
(2098,196,40,13,16,76.4,1.02),
(2098,198,40,13,15,72.8,0.98),
(2098,200,40,9,15,48.8,0.80),
(2098,197,40,11,15,59.2,0.79),
(2098,199,40,8,13,59.5,0.65),
(2099,206,42,15,11,71.6,1.49),
(2099,209,42,16,12,76.9,1.44),
(2099,210,42,20,16,94.6,1.27),
(2099,208,42,14,14,73.6,1.00),
(2099,207,42,13,16,60.8,0.85),
(2099,197,40,19,15,82.8,1.21),
(2099,196,40,18,15,90.0,1.14),
(2099,200,40,12,16,57.2,0.82),
(2099,199,40,9,16,62.6,0.69),
(2099,198,40,10,16,52.9,0.60),
(2100,156,32,11,13,75.6,0.94),
(2100,159,32,7,13,72.0,0.77),
(2100,157,32,9,13,62.9,0.77),
(2100,158,32,6,14,52.3,0.59),
(2100,160,32,6,14,47.3,0.51),
(2100,214,43,22,9,122.6,2.00),
(2100,215,43,17,8,111.6,1.83),
(2100,213,43,10,7,63.5,1.65),
(2100,211,43,10,6,61.4,1.24),
(2100,212,43,8,11,67.6,0.77),
(2101,156,32,15,12,69.1,1.10),
(2101,159,32,16,15,74.5,1.08),
(2101,157,32,14,13,80.8,1.01),
(2101,160,32,13,16,65.7,0.78),
(2101,158,32,6,18,49.9,0.63),
(2101,213,43,23,11,90.7,1.76),
(2101,212,43,19,14,96.5,1.42),
(2101,214,43,11,13,57.5,0.99),
(2101,211,43,10,11,62.1,0.93),
(2101,215,43,11,15,72.9,0.83),
(2102,241,49,28,18,94.0,1.51),
(2102,242,49,19,16,78.6,1.26),
(2102,243,49,22,22,89.6,1.07),
(2102,244,49,15,14,49.2,1.04),
(2102,245,49,14,21,56.7,0.73),
(2102,154,31,24,22,81.1,1.31),
(2102,151,31,19,15,57.9,1.08),
(2102,155,31,18,18,72.1,0.91),
(2102,153,31,18,21,61.4,0.90),
(2102,152,31,11,23,53.8,0.63),
(2103,146,30,26,20,97.2,1.32),
(2103,150,30,20,15,67.8,1.16),
(2103,147,30,21,20,71.9,1.13),
(2103,148,30,17,21,79.9,1.05),
(2103,149,30,18,20,61.4,0.98),
(2103,237,48,25,23,101.6,1.26),
(2103,239,48,26,21,82.4,1.18),
(2103,238,48,18,24,73.5,1.03),
(2103,240,48,17,18,58.4,0.78),
(2103,236,48,10,19,35.2,0.70),
(2104,203,41,17,18,75.4,1.33),
(2104,201,41,18,17,95.8,1.11),
(2104,204,41,12,16,69.5,0.95),
(2104,205,41,11,18,55.1,0.83),
(2104,202,41,7,17,39.4,0.39),
(2104,226,46,21,13,101.5,1.56),
(2104,228,46,19,13,86.9,1.41),
(2104,229,46,15,11,71.7,1.26),
(2104,227,46,16,13,77.6,1.14),
(2104,230,46,15,15,78.0,1.04),
(2105,251,51,30,11,137.2,2.38),
(2105,254,51,24,9,108.9,1.52),
(2105,255,51,12,12,60.0,0.99),
(2105,252,51,7,10,43.6,0.81),
(2105,253,51,11,15,65.0,0.77),
(2105,206,42,14,16,78.2,1.04),
(2105,208,42,9,16,55.3,0.82),
(2105,207,42,12,18,49.9,0.78),
(2105,210,42,13,18,62.8,0.76),
(2105,209,42,8,16,44.6,0.67),
(2106,222,45,19,17,90.3,1.59),
(2106,224,45,18,11,72.3,1.50),
(2106,225,45,17,16,71.5,1.11),
(2106,221,45,15,16,76.7,0.95),
(2106,223,45,11,13,51.0,0.90),
(2106,215,43,24,14,108.6,1.80),
(2106,213,43,14,15,61.2,0.96),
(2106,211,43,10,17,82.3,0.91),
(2106,214,43,13,16,56.1,0.62),
(2106,212,43,10,18,50.5,0.47),
(2107,257,52,18,17,87.8,1.11),
(2107,258,52,9,14,52.1,0.83),
(2107,260,52,12,13,65.1,0.78),
(2107,256,52,6,14,45.1,0.77),
(2107,259,52,9,14,54.4,0.66),
(2107,143,29,21,7,109.1,1.94),
(2107,145,29,19,13,91.3,1.57),
(2107,144,29,13,12,65.3,1.21),
(2107,141,29,10,10,58.1,0.90),
(2107,142,29,8,12,49.4,0.82),
(2108,248,50,17,6,103.8,1.94),
(2108,249,50,19,6,108.4,1.81),
(2108,247,50,11,5,63.9,1.54),
(2108,246,50,10,7,97.3,1.13),
(2108,250,50,8,12,66.9,0.83),
(2108,217,44,12,13,88.1,1.09),
(2108,216,44,9,13,61.5,0.85),
(2108,219,44,7,13,60.4,0.83),
(2108,218,44,6,13,54.1,0.62),
(2108,220,44,2,14,26.1,0.22),
(2109,161,33,20,14,96.1,1.73),
(2109,165,33,21,13,91.0,1.54),
(2109,163,33,14,16,64.7,0.96),
(2109,164,33,12,15,48.8,0.84),
(2109,162,33,13,18,67.9,0.80),
(2109,232,47,20,18,86.1,1.24),
(2109,235,47,18,16,79.9,1.14),
(2109,233,47,14,14,75.2,1.04),
(2109,234,47,9,17,67.4,0.77),
(2109,231,47,15,15,54.5,0.74),
(2110,223,45,16,14,90.0,1.19),
(2110,225,45,11,16,55.4,0.82),
(2110,222,45,9,14,51.4,0.77),
(2110,224,45,12,16,69.4,0.76),
(2110,221,45,9,17,62.9,0.64),
(2110,229,46,20,7,94.2,1.56),
(2110,228,46,16,12,92.2,1.54),
(2110,227,46,19,13,75.2,1.43),
(2110,230,46,14,12,96.5,1.28),
(2110,226,46,7,13,42.6,0.78),
(2111,215,43,16,14,97.0,1.30),
(2111,214,43,13,14,75.1,1.10),
(2111,211,43,8,14,43.5,0.76),
(2111,213,43,6,12,54.8,0.71),
(2111,212,43,3,15,38.2,0.30),
(2111,260,52,18,10,102.1,1.91),
(2111,258,52,17,10,93.6,1.63),
(2111,259,52,12,10,85.3,1.31),
(2111,257,52,12,7,65.8,1.16),
(2111,256,52,9,9,63.8,0.88),
(2112,205,41,10,17,82.1,0.98),
(2112,204,41,9,14,52.8,0.84),
(2112,202,41,9,15,58.9,0.80),
(2112,201,41,7,16,51.2,0.63),
(2112,203,41,8,15,51.7,0.56),
(2112,233,47,26,9,161.6,2.41),
(2112,234,47,13,7,68.7,1.31),
(2112,232,47,17,10,80.5,1.29),
(2112,235,47,11,7,68.4,1.25),
(2112,231,47,10,10,68.7,0.84),
(2113,144,29,10,14,70.1,0.77),
(2113,145,29,7,13,57.6,0.72),
(2113,141,29,6,12,53.9,0.64),
(2113,142,29,6,14,37.7,0.59),
(2113,143,29,5,15,39.9,0.45),
(2113,251,51,18,7,109.0,1.86),
(2113,252,51,16,6,104.2,1.74),
(2113,254,51,14,7,73.4,1.31),
(2113,253,51,9,7,47.7,1.10),
(2113,255,51,11,8,59.8,0.89),
(2114,241,49,20,7,93.4,1.94),
(2114,242,49,17,13,114.7,1.56),
(2114,244,49,18,10,83.2,1.28),
(2114,243,49,15,9,74.9,1.21),
(2114,245,49,9,11,64.6,0.86),
(2114,165,33,12,13,66.5,1.12),
(2114,162,33,14,17,77.9,1.08),
(2114,161,33,11,16,60.3,0.91),
(2114,163,33,7,17,55.8,0.49),
(2114,164,33,6,16,43.2,0.43),
(2115,209,42,15,14,70.3,1.11),
(2115,208,42,13,15,59.0,0.88),
(2115,210,42,11,14,70.6,0.88),
(2115,207,42,11,16,53.6,0.80),
(2115,206,42,9,16,46.0,0.77),
(2115,238,48,18,11,77.7,1.31),
(2115,236,48,17,13,88.6,1.20),
(2115,237,48,13,12,65.3,1.15),
(2115,239,48,15,11,80.5,1.07),
(2115,240,48,12,12,64.0,0.90),
(2116,152,31,17,15,91.1,1.25),
(2116,154,31,14,17,80.1,1.03),
(2116,153,31,8,15,58.8,0.82),
(2116,151,31,10,15,50.1,0.69),
(2116,155,31,8,18,62.1,0.61),
(2116,220,44,19,12,107.3,1.70),
(2116,216,44,15,9,90.1,1.50),
(2116,219,44,19,13,102.2,1.35),
(2116,217,44,15,10,83.5,1.29),
(2116,218,44,12,13,56.4,1.01),
(2117,249,50,16,5,77.3,1.71),
(2117,246,50,10,8,76.8,1.44),
(2117,247,50,14,12,78.8,1.42),
(2117,248,50,8,10,64.5,1.16),
(2117,250,50,12,12,73.0,1.13),
(2117,150,30,13,12,86.3,1.03),
(2117,148,30,9,12,67.2,0.94),
(2117,146,30,8,13,64.9,0.63),
(2117,147,30,8,13,46.0,0.52),
(2117,149,30,7,12,44.8,0.49),
(2118,163,33,10,12,74.0,0.88),
(2118,162,33,6,11,48.2,0.64),
(2118,165,33,6,11,50.1,0.59),
(2118,161,33,6,13,45.1,0.40),
(2118,164,33,4,11,48.9,0.38),
(2118,257,52,17,8,106.7,2.05),
(2118,258,52,11,5,80.7,1.84),
(2118,260,52,13,7,99.7,1.72),
(2118,259,52,8,6,62.3,1.43),
(2118,256,52,9,6,59.3,1.20),
(2119,141,29,22,15,110.9,1.58),
(2119,145,29,12,14,75.5,1.03),
(2119,144,29,11,12,68.3,0.93),
(2119,142,29,11,14,59.0,0.84),
(2119,143,29,9,14,50.0,0.71),
(2119,240,48,24,13,124.7,2.00),
(2119,238,48,15,10,65.6,1.34),
(2119,239,48,13,13,68.3,0.98),
(2119,237,48,12,13,62.5,0.90),
(2119,236,48,5,16,31.9,0.44),
(2120,150,30,12,11,93.1,1.05),
(2120,149,30,7,13,51.7,0.74),
(2120,147,30,8,12,61.8,0.70),
(2120,148,30,6,13,56.8,0.50),
(2120,146,30,4,12,35.6,0.33),
(2120,232,47,21,9,131.1,2.31),
(2120,231,47,12,6,65.6,1.76),
(2120,235,47,12,6,77.3,1.51),
(2120,233,47,8,6,70.5,1.33),
(2120,234,47,8,10,97.0,1.17),
(2121,222,45,13,13,51.4,0.99),
(2121,224,45,10,16,65.0,0.87),
(2121,221,45,11,16,66.0,0.75),
(2121,223,45,10,13,51.9,0.68),
(2121,225,45,8,14,50.7,0.61),
(2121,219,44,19,11,108.7,1.56),
(2121,220,44,17,11,90.1,1.44),
(2121,217,44,13,8,75.2,1.24),
(2121,216,44,13,10,55.5,0.98),
(2121,218,44,10,12,52.5,0.88),
(2122,204,41,23,15,85.0,1.48),
(2122,203,41,17,14,95.2,1.29),
(2122,201,41,15,14,62.5,1.17),
(2122,205,41,18,15,81.8,1.10),
(2122,202,41,9,15,48.1,0.75),
(2122,208,42,17,19,90.8,1.19),
(2122,207,42,20,17,82.3,1.19),
(2122,210,42,15,17,69.6,0.86),
(2122,209,42,12,15,62.5,0.86),
(2123,201,41,20,16,91.3,1.62),
(2123,203,41,20,16,111.1,1.57),
(2123,202,41,20,13,80.3,1.28),
(2123,204,41,9,16,46.2,0.78),
(2123,205,41,15,18,70.7,0.72),
(2123,209,42,21,15,102.8,1.44),
(2123,208,42,18,19,85.5,0.97),
(2123,206,42,14,17,70.7,0.97),
(2123,210,42,14,16,61.4,0.91),
(2123,207,42,12,17,61.9,0.79),
(2124,242,49,17,15,91.1,1.48),
(2124,243,49,11,12,53.2,0.90),
(2124,241,49,11,16,87.0,0.87),
(2124,245,49,6,16,49.9,0.51),
(2124,244,49,6,16,32.6,0.36),
(2124,251,51,24,12,143.0,2.25),
(2124,252,51,17,9,111.0,1.72),
(2124,254,51,17,7,82.7,1.55),
(2124,255,51,11,10,52.9,1.07),
(2124,253,51,6,13,52.1,0.69),
(2125,244,49,17,12,75.6,1.44),
(2125,243,49,17,12,76.6,1.35),
(2125,245,49,18,14,80.1,1.21),
(2125,241,49,17,17,78.0,0.96),
(2125,242,49,8,14,57.0,0.80),
(2125,253,51,18,16,71.3,1.13),
(2125,254,51,16,14,66.0,1.10),
(2125,251,51,15,17,72.8,1.01),
(2125,255,51,15,16,70.1,0.99),
(2125,252,51,5,14,43.9,0.61),
(2126,241,49,16,15,73.3,1.09),
(2126,244,49,14,14,73.7,0.90),
(2126,243,49,13,15,60.2,0.90),
(2126,245,49,14,18,65.6,0.86),
(2126,242,49,12,17,62.3,0.79),
(2126,251,51,24,13,106.2,1.51),
(2126,254,51,15,13,54.9,1.15),
(2126,255,51,12,12,49.9,1.00),
(2126,252,51,15,15,63.7,0.92),
(2126,253,51,12,17,66.1,0.86),
(2127,153,31,19,19,76.5,1.25),
(2127,155,31,17,18,60.1,1.25),
(2127,151,31,15,13,51.9,1.16),
(2127,154,31,18,20,66.6,0.90),
(2127,152,31,11,21,76.5,0.72),
(2127,212,43,24,15,88.0,1.37),
(2127,214,43,22,17,86.8,1.05),
(2127,211,43,15,14,67.9,0.90),
(2127,215,43,16,21,70.1,0.89),
(2127,213,43,12,14,49.5,0.79),
(2128,154,31,22,13,103.7,1.61),
(2128,152,31,13,17,74.9,1.06),
(2128,151,31,14,14,68.7,0.85),
(2128,153,31,10,17,70.4,0.79),
(2128,155,31,9,18,47.7,0.57),
(2128,213,43,19,11,89.1,1.54),
(2128,214,43,19,13,86.1,1.53),
(2128,215,43,17,15,106.7,1.28),
(2128,212,43,13,15,60.1,0.99),
(2128,211,43,11,15,42.8,0.82),
(2129,153,31,18,18,83.8,1.08),
(2129,151,31,11,15,70.9,0.93),
(2129,155,31,9,15,54.7,0.80),
(2129,154,31,12,18,57.8,0.69),
(2129,152,31,12,18,54.4,0.67),
(2129,215,43,19,11,101.8,1.59),
(2129,211,43,17,14,91.2,1.26),
(2129,214,43,14,15,92.9,1.23),
(2129,213,43,16,10,79.5,1.23),
(2129,212,43,17,12,65.0,1.16),
(2130,248,50,18,6,72.4,1.78),
(2130,247,50,17,13,82.4,1.33),
(2130,250,50,18,16,116.1,1.29),
(2130,249,50,11,8,55.1,1.16),
(2130,246,50,8,9,69.1,1.09),
(2130,228,46,19,16,95.7,1.36),
(2130,226,46,17,13,79.4,1.33),
(2130,230,46,5,14,41.2,0.59),
(2130,229,46,4,13,32.8,0.49),
(2130,227,46,5,16,53.7,0.48),
(2131,248,50,18,12,87.4,1.41),
(2131,249,50,17,16,72.7,1.33),
(2131,246,50,20,15,83.5,1.26),
(2131,250,50,12,15,72.7,1.00),
(2131,247,50,10,14,42.1,0.77),
(2131,229,46,23,11,88.2,1.80),
(2131,226,46,15,15,86.9,1.10),
(2131,230,46,13,16,66.4,0.85),
(2131,227,46,11,17,59.7,0.78),
(2131,228,46,10,18,44.3,0.65),
(2132,217,44,20,14,78.7,1.68),
(2132,219,44,19,17,87.5,1.13),
(2132,218,44,11,17,56.0,0.89),
(2132,220,44,13,19,75.1,0.87),
(2132,216,44,10,17,47.5,0.75),
(2132,259,52,20,11,77.4,1.31),
(2132,257,52,19,15,96.2,1.26),
(2132,260,52,15,15,69.2,1.12),
(2132,256,52,17,15,63.1,1.05),
(2132,258,52,13,17,58.2,0.85),
(2133,219,44,18,17,91.2,1.27),
(2133,217,44,17,14,64.8,1.18),
(2133,218,44,13,14,53.8,0.92),
(2133,220,44,14,17,70.8,0.86),
(2133,216,44,15,18,69.5,0.78),
(2133,260,52,20,13,78.9,1.50),
(2133,257,52,21,15,101.2,1.43),
(2133,259,52,20,15,88.0,1.15),
(2133,256,52,10,15,58.2,0.86),
(2133,258,52,9,19,47.2,0.63),
(2134,163,33,28,23,89.6,1.40),
(2134,164,33,22,17,65.3,1.15),
(2134,162,33,24,20,60.4,1.14),
(2134,165,33,21,24,68.0,0.88),
(2134,161,33,18,26,64.3,0.87),
(2134,223,45,28,22,92.3,1.23),
(2134,225,45,26,22,74.3,1.07),
(2134,224,45,21,22,68.5,1.06),
(2134,222,45,21,23,64.6,0.91),
(2134,221,45,14,24,92.3,0.66),
(2135,163,33,24,23,95.9,1.46),
(2135,165,33,23,19,83.9,1.24),
(2135,162,33,21,16,71.4,1.17),
(2135,164,33,17,16,62.0,1.11),
(2135,161,33,20,19,82.3,0.93),
(2135,222,45,28,20,90.0,1.41),
(2135,224,45,24,23,89.5,1.17),
(2135,223,45,17,20,57.4,0.86),
(2135,221,45,13,21,60.7,0.74),
(2135,225,45,11,22,71.6,0.66),
(2136,203,41,25,15,125.1,1.81),
(2136,201,41,19,16,89.5,1.70),
(2136,204,41,13,14,58.5,1.08),
(2136,202,41,12,13,49.8,0.96),
(2136,205,41,9,17,56.4,0.77),
(2136,150,30,24,15,128.0,1.60),
(2136,149,30,18,13,57.9,1.15),
(2136,146,30,13,17,74.3,0.98),
(2136,147,30,14,14,81.7,0.94),
(2136,148,30,6,20,51.4,0.39),
(2137,201,41,21,14,96.9,1.46),
(2137,202,41,18,12,79.5,1.37),
(2137,205,41,17,17,94.6,1.23),
(2137,203,41,16,16,78.0,0.98),
(2137,204,41,7,13,28.2,0.70),
(2137,150,30,19,15,74.7,1.13),
(2137,148,30,14,16,60.3,0.96),
(2137,147,30,13,15,71.6,0.91),
(2137,146,30,12,17,83.5,0.87),
(2137,149,30,13,18,58.4,0.78),
(2138,241,49,19,19,83.9,1.21),
(2138,243,49,13,14,54.2,1.10),
(2138,244,49,18,15,70.1,1.02),
(2138,245,49,13,21,69.5,0.72),
(2138,242,49,10,18,58.4,0.71),
(2138,232,47,17,16,70.0,1.28),
(2138,231,47,18,13,78.9,1.26),
(2138,235,47,18,16,82.2,1.21),
(2138,233,47,19,14,77.4,1.14),
(2138,234,47,15,14,68.5,0.98),
(2139,244,49,18,8,91.6,1.84),
(2139,242,49,20,13,96.1,1.59),
(2139,241,49,13,10,74.5,1.31),
(2139,243,49,10,9,53.0,1.06),
(2139,245,49,18,8,91.6,0.88),
(2139,234,47,15,14,83.1,1.20),
(2139,231,47,14,14,71.8,0.90),
(2139,233,47,11,14,70.2,0.76),
(2139,235,47,8,12,50.5,0.75),
(2139,232,47,5,15,38.6,0.38),
(2140,242,49,20,14,80.4,1.43),
(2140,243,49,19,14,86.2,1.30),
(2140,241,49,16,16,75.4,1.08),
(2140,244,49,12,14,68.7,1.02),
(2140,245,49,11,14,54.1,0.87),
(2140,232,47,22,17,92.2,1.37),
(2140,231,47,16,13,80.9,1.18),
(2140,233,47,14,16,70.5,0.94),
(2140,235,47,12,17,58.4,0.87),
(2140,234,47,8,16,50.6,0.65),
(2141,213,43,11,13,67.3,0.94),
(2141,211,43,10,13,49.9,0.82),
(2141,215,43,8,14,61.3,0.76),
(2141,214,43,9,15,53.7,0.67),
(2141,212,43,7,14,48.5,0.51),
(2141,143,29,16,8,89.2,1.53),
(2141,141,29,15,8,93.4,1.40),
(2141,144,29,15,10,61.3,1.33),
(2141,145,29,13,10,70.6,1.16),
(2141,142,29,10,9,68.3,1.15),
(2142,215,43,17,16,102.3,1.76),
(2142,211,43,13,14,56.6,1.01),
(2142,214,43,11,14,80.5,0.92),
(2142,212,43,6,14,38.7,0.51),
(2142,213,43,4,15,36.1,0.43),
(2142,145,29,21,7,99.4,2.06),
(2142,141,29,15,6,85.7,1.53),
(2142,144,29,15,8,75.1,1.30),
(2142,143,29,14,14,102.4,1.06),
(2142,142,29,8,16,64.6,0.48),
(2143,226,46,14,13,73.4,1.08),
(2143,229,46,9,14,71.7,0.99),
(2143,227,46,9,15,78.9,0.84),
(2143,228,46,7,15,61.2,0.72),
(2143,230,46,5,16,27.1,0.45),
(2143,237,48,18,6,97.9,1.84),
(2143,236,48,19,10,109.7,1.53),
(2143,238,48,16,10,92.9,1.26),
(2143,239,48,11,10,75.5,1.16),
(2143,240,48,9,9,54.9,0.93),
(2144,226,46,15,16,81.9,1.29),
(2144,229,46,11,15,83.8,0.97),
(2144,230,46,11,15,58.6,0.83),
(2144,227,46,7,17,43.6,0.59),
(2144,228,46,7,16,34.5,0.55),
(2144,239,48,16,9,82.4,1.57),
(2144,238,48,18,8,100.9,1.52),
(2144,237,48,15,11,87.4,1.22),
(2144,240,48,17,9,84.5,1.21),
(2144,236,48,11,14,68.2,0.91),
(2145,162,33,9,12,82.1,1.25),
(2145,163,33,12,14,67.3,0.83),
(2145,164,33,8,13,49.5,0.66),
(2145,165,33,6,15,47.0,0.52),
(2145,161,33,4,13,30.8,0.47),
(2145,220,44,17,8,102.5,1.72),
(2145,219,44,12,7,88.2,1.53),
(2145,217,44,14,7,91.6,1.40),
(2145,218,44,12,9,69.8,1.16),
(2145,216,44,12,9,69.3,1.06),
(2146,165,33,22,21,85.5,1.11),
(2146,164,33,24,19,67.7,1.09),
(2146,162,33,17,24,72.9,1.02),
(2146,163,33,19,21,62.2,0.96),
(2146,161,33,18,22,73.2,0.92),
(2146,217,44,28,17,86.9,1.50),
(2146,219,44,28,22,95.0,1.26),
(2146,216,44,21,22,78.7,1.09),
(2146,220,44,16,19,59.5,0.93),
(2146,218,44,14,21,47.7,0.88),
(2147,141,29,20,12,81.8,1.50),
(2147,144,29,16,16,79.2,1.29),
(2147,145,29,19,18,74.7,1.16),
(2147,143,29,15,20,79.9,0.84),
(2147,142,29,13,15,61.3,0.83),
(2147,203,41,19,14,86.9,1.26),
(2147,201,41,18,19,78.0,1.08),
(2147,202,41,14,15,69.2,1.04),
(2147,205,41,16,16,75.2,0.84),
(2147,204,41,13,20,57.8,0.75),
(2148,143,29,24,15,101.0,1.61),
(2148,145,29,22,14,100.7,1.47),
(2148,141,29,17,13,67.2,0.94),
(2148,142,29,12,15,43.2,0.86),
(2148,144,29,11,18,73.4,0.81),
(2148,202,41,18,17,76.0,1.21),
(2148,203,41,19,16,85.8,1.20),
(2148,201,41,15,18,77.7,0.83),
(2148,204,41,12,18,43.1,0.79),
(2148,205,41,10,17,52.5,0.78),
(2149,230,46,18,15,93.0,1.16),
(2149,226,46,12,13,70.3,1.09),
(2149,228,46,14,16,75.0,1.08),
(2149,227,46,14,16,66.1,0.96),
(2149,229,46,15,15,63.7,0.84),
(2149,233,47,22,14,98.3,1.56),
(2149,234,47,17,15,64.6,1.09),
(2149,231,47,14,15,83.0,1.06),
(2149,232,47,13,17,78.5,1.00),
(2149,235,47,7,15,51.7,0.70),
(2150,227,46,9,11,55.4,0.91),
(2150,226,46,9,11,60.9,0.86),
(2150,228,46,8,14,63.8,0.77),
(2150,229,46,6,14,39.5,0.63),
(2150,231,47,21,4,119.2,2.01),
(2150,232,47,16,11,104.1,1.53),
(2150,233,47,12,7,79.0,1.39),
(2150,235,47,6,7,63.7,1.13),
(2150,234,47,7,9,46.8,0.71),
(2151,226,46,13,16,69.5,1.07),
(2151,229,46,15,15,77.4,1.05),
(2151,230,46,15,17,88.1,0.88),
(2151,228,46,16,18,73.0,0.88),
(2151,227,46,9,17,45.1,0.71),
(2151,232,47,22,14,92.6,1.66),
(2151,231,47,24,12,107.2,1.57),
(2151,233,47,16,13,64.4,1.04),
(2151,235,47,10,16,64.0,0.90),
(2151,234,47,11,14,57.3,0.88),
(2152,253,51,21,9,113.6,2.17),
(2152,255,51,16,9,103.0,1.69),
(2152,251,51,16,6,88.9,1.40),
(2152,254,51,11,5,78.7,1.29),
(2152,252,51,11,9,65.4,0.91),
(2152,232,47,14,16,97.4,1.21),
(2152,231,47,11,13,54.7,1.04),
(2152,233,47,7,16,37.5,0.61),
(2152,235,47,3,15,45.7,0.49),
(2152,234,47,3,15,32.7,0.41),
(2153,251,51,30,16,96.1,1.62),
(2153,253,51,22,20,81.0,1.27),
(2153,254,51,23,15,66.6,1.19),
(2153,255,51,15,18,86.4,1.00),
(2153,252,51,6,19,35.9,0.57),
(2153,233,47,22,20,90.1,1.21),
(2153,231,47,18,15,65.8,1.02),
(2153,232,47,19,20,70.3,0.96),
(2153,235,47,16,21,51.9,0.90),
(2153,234,47,13,21,66.0,0.83),
(2154,257,52,25,8,135.3,2.47),
(2154,259,52,18,11,105.2,1.60),
(2154,258,52,15,12,84.0,1.32),
(2154,260,52,11,9,75.7,1.17),
(2154,256,52,5,12,41.3,0.39),
(2154,237,48,14,14,86.0,1.26),
(2154,239,48,11,15,93.9,1.02),
(2154,236,48,12,14,61.3,0.97),
(2154,240,48,9,16,51.4,0.56),
(2154,238,48,6,15,43.4,0.53),
(2155,260,52,18,8,97.5,1.93),
(2155,257,52,21,10,126.4,1.74),
(2155,258,52,11,11,84.1,1.26),
(2155,259,52,12,10,69.4,1.02),
(2155,256,52,9,11,48.2,0.84),
(2155,240,48,14,14,75.2,1.29),
(2155,237,48,15,14,87.7,1.26),
(2155,239,48,7,16,64.0,0.73),
(2155,236,48,7,13,48.6,0.67),
(2155,238,48,6,14,42.5,0.45),
(2156,241,49,14,16,72.3,1.10),
(2156,245,49,18,16,74.1,0.98),
(2156,243,49,15,16,65.4,0.95),
(2156,242,49,14,18,57.0,0.94),
(2156,244,49,13,15,59.5,0.77),
(2156,141,29,23,11,92.8,1.54),
(2156,143,29,17,17,79.7,1.18),
(2156,145,29,15,17,81.9,1.16),
(2156,144,29,15,14,55.2,1.13),
(2156,142,29,10,15,48.2,0.85),
(2157,244,49,16,13,104.5,1.42),
(2157,242,49,7,15,55.0,0.80),
(2157,241,49,4,14,55.6,0.63),
(2157,243,49,5,14,41.7,0.40),
(2157,245,49,1,15,26.2,0.20),
(2157,143,29,19,6,133.3,2.17),
(2157,144,29,16,5,97.2,1.93),
(2157,141,29,17,6,108.5,1.75),
(2157,142,29,8,8,65.7,1.09),
(2157,145,29,11,8,67.5,1.03),
(2158,246,50,9,15,54.9,0.87),
(2158,248,50,14,17,68.6,0.87),
(2158,250,50,10,16,77.3,0.86),
(2158,249,50,10,16,57.3,0.78),
(2158,247,50,4,16,41.5,0.42),
(2158,217,44,19,11,93.8,1.59),
(2158,219,44,19,10,109.6,1.42),
(2158,216,44,17,9,87.2,1.35),
(2158,220,44,13,11,84.9,1.32),
(2158,218,44,12,6,79.7,1.32),
(2159,247,50,20,11,66.2,1.56),
(2159,248,50,21,21,76.7,1.13),
(2159,246,50,19,19,75.0,1.06),
(2159,250,50,16,16,70.4,0.99),
(2159,249,50,18,20,55.9,0.88),
(2159,219,44,24,18,76.8,1.23),
(2159,220,44,17,24,86.4,1.06),
(2159,216,44,17,14,50.3,0.90),
(2159,217,44,16,18,61.9,0.83),
(2159,218,44,13,20,51.1,0.72),
(2160,248,50,12,12,89.9,1.08),
(2160,249,50,7,13,52.4,0.78),
(2160,246,50,6,11,44.2,0.60),
(2160,250,50,7,14,61.9,0.59),
(2160,247,50,8,13,39.9,0.52),
(2160,220,44,20,8,114.8,2.23),
(2160,216,44,13,6,97.6,1.67),
(2160,217,44,13,7,67.2,1.47),
(2160,219,44,9,11,72.6,1.09),
(2160,218,44,8,8,51.6,1.05),
(2161,251,51,34,25,107.1,1.54),
(2161,255,51,30,24,88.1,1.24),
(2161,254,51,23,21,69.1,0.92),
(2161,252,51,16,24,45.1,0.75),
(2161,253,51,15,29,49.9,0.53),
(2161,260,52,31,20,90.9,1.46),
(2161,259,52,32,22,87.3,1.38),
(2161,257,52,25,23,65.4,1.08),
(2161,258,52,20,29,60.4,0.88),
(2161,256,52,15,25,59.8,0.87),
(2162,253,51,12,15,65.6,1.11),
(2162,251,51,13,15,68.5,1.01),
(2162,254,51,10,15,55.8,0.83),
(2162,255,51,11,13,67.2,0.81),
(2162,252,51,7,15,37.4,0.51),
(2162,257,52,18,9,95.5,1.42),
(2162,258,52,18,9,78.0,1.34),
(2162,256,52,12,10,70.4,1.15),
(2162,260,52,15,11,72.5,1.15),
(2162,259,52,10,14,64.1,0.85),
(2163,145,29,10,11,72.6,0.83),
(2163,142,29,8,14,60.3,0.80),
(2163,141,29,10,13,58.2,0.73),
(2163,144,29,9,15,67.7,0.66),
(2163,143,29,5,13,41.4,0.48),
(2163,220,44,21,8,124.3,2.54),
(2163,219,44,16,9,81.9,1.58),
(2163,217,44,10,5,56.0,1.43),
(2163,218,44,9,13,67.9,1.02),
(2163,216,44,9,8,50.6,0.81),
(2164,143,29,18,14,79.7,1.53),
(2164,144,29,19,19,81.4,1.30),
(2164,142,29,19,15,78.0,1.19),
(2164,141,29,14,17,64.4,0.83),
(2164,145,29,9,20,50.3,0.71),
(2164,217,44,22,13,73.8,1.35),
(2164,218,44,16,14,83.0,1.13),
(2164,219,44,20,19,86.5,1.06),
(2164,216,44,16,16,70.1,0.99),
(2164,220,44,10,17,54.6,0.64),
(2165,144,29,20,10,91.3,1.87),
(2165,145,29,17,10,102.6,1.66),
(2165,141,29,20,13,90.7,1.37),
(2165,142,29,12,12,53.3,1.00),
(2165,143,29,13,14,87.6,0.97),
(2165,220,44,14,16,78.6,1.10),
(2165,216,44,15,16,74.7,0.91),
(2165,218,44,10,15,60.0,0.80),
(2165,217,44,12,18,52.7,0.72),
(2165,219,44,8,17,53.6,0.60),
(2166,259,52,12,13,52.9,1.05),
(2166,260,52,14,16,82.2,0.97),
(2166,258,52,12,18,72.9,0.92),
(2166,257,52,11,13,67.3,0.83),
(2166,256,52,7,14,56.5,0.59),
(2166,142,29,18,12,98.8,1.56),
(2166,144,29,18,10,93.2,1.50),
(2166,145,29,16,11,81.9,1.33),
(2166,143,29,11,10,60.9,1.26),
(2166,141,29,11,13,98.8,0.95),
(2167,259,52,13,6,96.4,1.70),
(2167,257,52,17,8,107.2,1.60),
(2167,258,52,12,9,72.1,1.43),
(2167,260,52,10,9,64.4,0.94),
(2167,256,52,9,12,63.3,0.80),
(2167,143,29,16,11,97.9,1.45),
(2167,141,29,12,11,91.1,1.24),
(2167,144,29,6,14,63.2,0.78),
(2167,145,29,5,13,36.5,0.47),
(2167,142,29,3,13,18.4,0.27),
(2168,259,52,23,8,89.0,2.00),
(2168,260,52,14,14,83.6,1.30),
(2168,257,52,16,12,56.8,1.06),
(2168,258,52,11,16,68.6,0.83),
(2168,256,52,7,16,54.7,0.58),
(2168,143,29,14,15,93.2,1.12),
(2168,141,29,18,15,69.1,1.10),
(2168,145,29,11,13,68.8,0.98),
(2168,142,29,12,17,54.8,0.90),
(2168,144,29,11,12,47.6,0.74),
(2169,260,52,22,7,144.1,2.89),
(2169,257,52,14,6,85.9,1.70),
(2169,256,52,11,8,77.9,1.57),
(2169,258,52,9,9,54.1,1.17),
(2169,259,52,6,6,49.9,0.98),
(2169,143,29,12,11,75.7,0.90),
(2169,144,29,8,13,49.7,0.66),
(2169,142,29,6,12,62.3,0.62),
(2169,141,29,6,11,68.5,0.56),
(2169,145,29,4,15,41.4,0.38);


CREATE TABLE dbo.team_tournament_result (
    tournament_id INT NOT NULL,
    team_id INT NOT NULL,
    eliminated_in_stage_id INT NULL,
    prize_money DECIMAL(12,2) NOT NULL DEFAULT 0,
    notes NVARCHAR(50) NULL,

    CONSTRAINT PK_team_tournament_result
        PRIMARY KEY (tournament_id, team_id),

    CONSTRAINT FK_team_tournament_result_tournament
        FOREIGN KEY (tournament_id) REFERENCES dbo.tournament(tournament_id),

    CONSTRAINT FK_team_tournament_result_team
        FOREIGN KEY (team_id) REFERENCES dbo.team(team_id),

    CONSTRAINT FK_team_tournament_result_stage
        FOREIGN KEY (eliminated_in_stage_id) REFERENCES dbo.stage(stage_id),

 
    CONSTRAINT CHK_team_tournament_result_prize_money
        CHECK (prize_money >= 0)
);
INSERT INTO dbo.team_tournament_result (tournament_id,team_id,eliminated_in_stage_id,prize_money,notes)
VALUES
(1,21,11,0,'Eliminated in Stage 1'),
(1,22,11,0,'Eliminated in Stage 1'),
(1,24,11,0,'Eliminated in Stage 1'),
(1,25,11,0,'Eliminated in Stage 1'),
(1,26,11,0,'Eliminated in Stage 1'),
(1,27,11,0,'Eliminated in Stage 1'),
(1,28,11,0,'Eliminated in Stage 1'),
(1,36,12,10000,'Eliminated in Stage 2'),
(1,37,12,10000,'Eliminated in Stage 2'),
(1,34,12,10000,'Eliminated in Stage 2'),
(1,38,12,10000,'Eliminated in Stage 2'),
(1,39,12,10000,'Eliminated in Stage 2'),
(1,35,12,10000,'Eliminated in Stage 2'),
(1,40,12,10000,'Eliminated in Stage 2'),
(1,32,12,10000,'Eliminated in Stage 2'),
(1,42,13,20000,'Eliminated in Stage 3'),
(1,31,13,20000,'Eliminated in Stage 3'),
(1,30,13,20000,'Eliminated in Stage 3'),
(1,45,13,20000,'Eliminated in Stage 3'),
(1,43,13,20000,'Eliminated in Stage 3'),
(1,33,13,20000,'Eliminated in Stage 3'),
(1,41,13,20000,'Eliminated in Stage 3'),
(1,46,13,20000,'Eliminated in Stage 3'),
(1,47,14,45000,'QuarterFinalist'),
(1,48,14,45000,'QuarterFinalist'),
(1,49,14,45000,'QuarterFinalist'),
(1,50,14,45000,'QuarterFinalist'),
(1,51,15,80000,'SemiFinalist'),
(1,44,15,80000,'SemiFinalist'),
(1,29,16,170000,'Finalist'),
(1,52,NULL,500000,'Champions');
